{
  "dataset_revision": "ebfcd844eadd3d667efa3c57fc5c8c87f5c2867e",
  "task_name": "AILAStatutes",
  "mteb_version": "1.38.32",
  "scores": {
    "test": [
      {
        "ndcg_at_1": 0.14,
        "ndcg_at_3": 0.12693,
        "ndcg_at_5": 0.13499,
        "ndcg_at_10": 0.18224,
        "ndcg_at_20": 0.22549,
        "ndcg_at_100": 0.41652,
        "ndcg_at_1000": 0.41652,
        "map_at_1": 0.031,
        "map_at_3": 0.05661,
        "map_at_5": 0.07326,
        "map_at_10": 0.09126,
        "map_at_20": 0.10466,
        "map_at_100": 0.15118,
        "map_at_1000": 0.15118,
        "recall_at_1": 0.031,
        "recall_at_3": 0.08733,
        "recall_at_5": 0.14533,
        "recall_at_10": 0.23833,
        "recall_at_20": 0.34633,
        "recall_at_100": 1.0,
        "recall_at_1000": 1.0,
        "precision_at_1": 0.14,
        "precision_at_3": 0.12667,
        "precision_at_5": 0.12,
        "precision_at_10": 0.098,
        "precision_at_20": 0.073,
        "precision_at_100": 0.0434,
        "precision_at_1000": 0.00434,
        "mrr_at_1": 0.14,
        "mrr_at_3": 0.213333,
        "mrr_at_5": 0.246333,
        "mrr_at_10": 0.276849,
        "mrr_at_20": 0.286887,
        "mrr_at_100": 0.291881,
        "mrr_at_1000": 0.291881,
        "nauc_ndcg_at_1_max": 0.115109,
        "nauc_ndcg_at_1_std": -0.075862,
        "nauc_ndcg_at_1_diff1": 0.442997,
        "nauc_ndcg_at_3_max": 0.04829,
        "nauc_ndcg_at_3_std": 0.019239,
        "nauc_ndcg_at_3_diff1": 0.289535,
        "nauc_ndcg_at_5_max": 0.067576,
        "nauc_ndcg_at_5_std": -0.017431,
        "nauc_ndcg_at_5_diff1": 0.232034,
        "nauc_ndcg_at_10_max": 0.118867,
        "nauc_ndcg_at_10_std": -0.037041,
        "nauc_ndcg_at_10_diff1": 0.195751,
        "nauc_ndcg_at_20_max": 0.092432,
        "nauc_ndcg_at_20_std": -0.058897,
        "nauc_ndcg_at_20_diff1": 0.12864,
        "nauc_ndcg_at_100_max": 0.062139,
        "nauc_ndcg_at_100_std": -0.003494,
        "nauc_ndcg_at_100_diff1": 0.269214,
        "nauc_ndcg_at_1000_max": 0.062139,
        "nauc_ndcg_at_1000_std": -0.003494,
        "nauc_ndcg_at_1000_diff1": 0.269214,
        "nauc_map_at_1_max": 0.126488,
        "nauc_map_at_1_std": -0.067231,
        "nauc_map_at_1_diff1": 0.408233,
        "nauc_map_at_3_max": 0.045763,
        "nauc_map_at_3_std": -0.0155,
        "nauc_map_at_3_diff1": 0.349189,
        "nauc_map_at_5_max": 0.056413,
        "nauc_map_at_5_std": -0.039597,
        "nauc_map_at_5_diff1": 0.30244,
        "nauc_map_at_10_max": 0.085496,
        "nauc_map_at_10_std": -0.03972,
        "nauc_map_at_10_diff1": 0.26996,
        "nauc_map_at_20_max": 0.067713,
        "nauc_map_at_20_std": -0.061293,
        "nauc_map_at_20_diff1": 0.233135,
        "nauc_map_at_100_max": 0.07104,
        "nauc_map_at_100_std": -0.040328,
        "nauc_map_at_100_diff1": 0.281361,
        "nauc_map_at_1000_max": 0.07104,
        "nauc_map_at_1000_std": -0.040328,
        "nauc_map_at_1000_diff1": 0.281361,
        "nauc_recall_at_1_max": 0.126488,
        "nauc_recall_at_1_std": -0.067231,
        "nauc_recall_at_1_diff1": 0.408233,
        "nauc_recall_at_3_max": 0.067548,
        "nauc_recall_at_3_std": 0.028874,
        "nauc_recall_at_3_diff1": 0.135444,
        "nauc_recall_at_5_max": 0.077204,
        "nauc_recall_at_5_std": -0.044875,
        "nauc_recall_at_5_diff1": 0.074071,
        "nauc_recall_at_10_max": 0.161663,
        "nauc_recall_at_10_std": -0.076683,
        "nauc_recall_at_10_diff1": -0.005304,
        "nauc_recall_at_20_max": 0.097128,
        "nauc_recall_at_20_std": -0.102125,
        "nauc_recall_at_20_diff1": -0.161188,
        "nauc_recall_at_100_max": NaN,
        "nauc_recall_at_100_std": NaN,
        "nauc_recall_at_100_diff1": NaN,
        "nauc_recall_at_1000_max": NaN,
        "nauc_recall_at_1000_std": NaN,
        "nauc_recall_at_1000_diff1": NaN,
        "nauc_precision_at_1_max": 0.115109,
        "nauc_precision_at_1_std": -0.075862,
        "nauc_precision_at_1_diff1": 0.442997,
        "nauc_precision_at_3_max": 0.028434,
        "nauc_precision_at_3_std": 0.054898,
        "nauc_precision_at_3_diff1": 0.198416,
        "nauc_precision_at_5_max": 0.011411,
        "nauc_precision_at_5_std": 0.04955,
        "nauc_precision_at_5_diff1": 0.185363,
        "nauc_precision_at_10_max": 0.074847,
        "nauc_precision_at_10_std": 0.002347,
        "nauc_precision_at_10_diff1": 0.104632,
        "nauc_precision_at_20_max": 0.012042,
        "nauc_precision_at_20_std": -0.046589,
        "nauc_precision_at_20_diff1": -0.061321,
        "nauc_precision_at_100_max": -0.324399,
        "nauc_precision_at_100_std": 0.219626,
        "nauc_precision_at_100_diff1": 0.180641,
        "nauc_precision_at_1000_max": -0.324399,
        "nauc_precision_at_1000_std": 0.219626,
        "nauc_precision_at_1000_diff1": 0.180641,
        "nauc_mrr_at_1_max": 0.115109,
        "nauc_mrr_at_1_std": -0.075862,
        "nauc_mrr_at_1_diff1": 0.442997,
        "nauc_mrr_at_3_max": 0.105188,
        "nauc_mrr_at_3_std": 0.020288,
        "nauc_mrr_at_3_diff1": 0.245214,
        "nauc_mrr_at_5_max": 0.092597,
        "nauc_mrr_at_5_std": 0.0066,
        "nauc_mrr_at_5_diff1": 0.26596,
        "nauc_mrr_at_10_max": 0.115902,
        "nauc_mrr_at_10_std": -0.01339,
        "nauc_mrr_at_10_diff1": 0.263646,
        "nauc_mrr_at_20_max": 0.114847,
        "nauc_mrr_at_20_std": -0.009106,
        "nauc_mrr_at_20_diff1": 0.26447,
        "nauc_mrr_at_100_max": 0.115131,
        "nauc_mrr_at_100_std": -0.00941,
        "nauc_mrr_at_100_diff1": 0.27347,
        "nauc_mrr_at_1000_max": 0.115131,
        "nauc_mrr_at_1000_std": -0.00941,
        "nauc_mrr_at_1000_diff1": 0.27347,
        "main_score": 0.18224,
        "hf_subset": "default",
        "languages": [
          "eng-Latn"
        ]
      }
    ]
  },
  "evaluation_time": 18.682281017303467,
  "kg_co2_emissions": null
}