{
  "dataset_revision": "4106e6bcc72e0698d714ea8b101355e3e238431a",
  "task_name": "AILACasedocs",
  "mteb_version": "1.38.32",
  "scores": {
    "test": [
      {
        "ndcg_at_1": 0.14,
        "ndcg_at_3": 0.14036,
        "ndcg_at_5": 0.13938,
        "ndcg_at_10": 0.1847,
        "ndcg_at_20": 0.21642,
        "ndcg_at_100": 0.34712,
        "ndcg_at_1000": 0.37854,
        "map_at_1": 0.04006,
        "map_at_3": 0.07403,
        "map_at_5": 0.08178,
        "map_at_10": 0.10733,
        "map_at_20": 0.11801,
        "map_at_100": 0.14518,
        "map_at_1000": 0.14925,
        "recall_at_1": 0.04006,
        "recall_at_3": 0.1058,
        "recall_at_5": 0.13637,
        "recall_at_10": 0.25412,
        "recall_at_20": 0.34455,
        "recall_at_100": 0.8436,
        "recall_at_1000": 1.0,
        "precision_at_1": 0.14,
        "precision_at_3": 0.11333,
        "precision_at_5": 0.088,
        "precision_at_10": 0.086,
        "precision_at_20": 0.062,
        "precision_at_100": 0.0328,
        "precision_at_1000": 0.0039,
        "mrr_at_1": 0.14,
        "mrr_at_3": 0.216667,
        "mrr_at_5": 0.230667,
        "mrr_at_10": 0.258278,
        "mrr_at_20": 0.2653,
        "mrr_at_100": 0.272306,
        "mrr_at_1000": 0.272536,
        "nauc_ndcg_at_1_max": -0.057873,
        "nauc_ndcg_at_1_std": 0.047859,
        "nauc_ndcg_at_1_diff1": 0.045483,
        "nauc_ndcg_at_3_max": -0.18432,
        "nauc_ndcg_at_3_std": -0.086825,
        "nauc_ndcg_at_3_diff1": 0.138445,
        "nauc_ndcg_at_5_max": -0.256269,
        "nauc_ndcg_at_5_std": -0.13438,
        "nauc_ndcg_at_5_diff1": 0.18426,
        "nauc_ndcg_at_10_max": -0.264069,
        "nauc_ndcg_at_10_std": -0.122806,
        "nauc_ndcg_at_10_diff1": 0.151438,
        "nauc_ndcg_at_20_max": -0.299723,
        "nauc_ndcg_at_20_std": -0.084617,
        "nauc_ndcg_at_20_diff1": 0.149689,
        "nauc_ndcg_at_100_max": -0.267454,
        "nauc_ndcg_at_100_std": -0.051492,
        "nauc_ndcg_at_100_diff1": 0.110175,
        "nauc_ndcg_at_1000_max": -0.241441,
        "nauc_ndcg_at_1000_std": -0.089621,
        "nauc_ndcg_at_1000_diff1": 0.07394,
        "nauc_map_at_1_max": -0.232689,
        "nauc_map_at_1_std": -0.099991,
        "nauc_map_at_1_diff1": 0.095835,
        "nauc_map_at_3_max": -0.272876,
        "nauc_map_at_3_std": -0.121357,
        "nauc_map_at_3_diff1": 0.184536,
        "nauc_map_at_5_max": -0.288797,
        "nauc_map_at_5_std": -0.162096,
        "nauc_map_at_5_diff1": 0.218996,
        "nauc_map_at_10_max": -0.269305,
        "nauc_map_at_10_std": -0.148692,
        "nauc_map_at_10_diff1": 0.164783,
        "nauc_map_at_20_max": -0.289379,
        "nauc_map_at_20_std": -0.130859,
        "nauc_map_at_20_diff1": 0.16081,
        "nauc_map_at_100_max": -0.274873,
        "nauc_map_at_100_std": -0.129418,
        "nauc_map_at_100_diff1": 0.129916,
        "nauc_map_at_1000_max": -0.270871,
        "nauc_map_at_1000_std": -0.133749,
        "nauc_map_at_1000_diff1": 0.120328,
        "nauc_recall_at_1_max": -0.232689,
        "nauc_recall_at_1_std": -0.099991,
        "nauc_recall_at_1_diff1": 0.095835,
        "nauc_recall_at_3_max": -0.271702,
        "nauc_recall_at_3_std": -0.142669,
        "nauc_recall_at_3_diff1": 0.202289,
        "nauc_recall_at_5_max": -0.295033,
        "nauc_recall_at_5_std": -0.236915,
        "nauc_recall_at_5_diff1": 0.323727,
        "nauc_recall_at_10_max": -0.268044,
        "nauc_recall_at_10_std": -0.137893,
        "nauc_recall_at_10_diff1": 0.180348,
        "nauc_recall_at_20_max": -0.313413,
        "nauc_recall_at_20_std": -0.04582,
        "nauc_recall_at_20_diff1": 0.14531,
        "nauc_recall_at_100_max": -0.260688,
        "nauc_recall_at_100_std": 0.234293,
        "nauc_recall_at_100_diff1": 0.180184,
        "nauc_recall_at_1000_max": NaN,
        "nauc_recall_at_1000_std": NaN,
        "nauc_recall_at_1000_diff1": NaN,
        "nauc_precision_at_1_max": -0.057873,
        "nauc_precision_at_1_std": 0.047859,
        "nauc_precision_at_1_diff1": 0.045483,
        "nauc_precision_at_3_max": -0.185384,
        "nauc_precision_at_3_std": -0.060888,
        "nauc_precision_at_3_diff1": 0.186846,
        "nauc_precision_at_5_max": -0.256706,
        "nauc_precision_at_5_std": -0.067982,
        "nauc_precision_at_5_diff1": 0.122609,
        "nauc_precision_at_10_max": -0.202432,
        "nauc_precision_at_10_std": -0.072483,
        "nauc_precision_at_10_diff1": -0.001093,
        "nauc_precision_at_20_max": -0.193489,
        "nauc_precision_at_20_std": -0.004074,
        "nauc_precision_at_20_diff1": -0.048595,
        "nauc_precision_at_100_max": -0.011931,
        "nauc_precision_at_100_std": 0.008305,
        "nauc_precision_at_100_diff1": -0.152933,
        "nauc_precision_at_1000_max": 0.044074,
        "nauc_precision_at_1000_std": -0.037331,
        "nauc_precision_at_1000_diff1": -0.217912,
        "nauc_mrr_at_1_max": -0.057873,
        "nauc_mrr_at_1_std": 0.047859,
        "nauc_mrr_at_1_diff1": 0.045483,
        "nauc_mrr_at_3_max": -0.137994,
        "nauc_mrr_at_3_std": -0.044013,
        "nauc_mrr_at_3_diff1": 0.129956,
        "nauc_mrr_at_5_max": -0.159274,
        "nauc_mrr_at_5_std": -0.050179,
        "nauc_mrr_at_5_diff1": 0.135913,
        "nauc_mrr_at_10_max": -0.171791,
        "nauc_mrr_at_10_std": -0.035624,
        "nauc_mrr_at_10_diff1": 0.111167,
        "nauc_mrr_at_20_max": -0.177132,
        "nauc_mrr_at_20_std": -0.026129,
        "nauc_mrr_at_20_diff1": 0.114533,
        "nauc_mrr_at_100_max": -0.169439,
        "nauc_mrr_at_100_std": -0.028678,
        "nauc_mrr_at_100_diff1": 0.114242,
        "nauc_mrr_at_1000_max": -0.169396,
        "nauc_mrr_at_1000_std": -0.029089,
        "nauc_mrr_at_1000_diff1": 0.114179,
        "main_score": 0.1847,
        "hf_subset": "default",
        "languages": [
          "eng-Latn"
        ]
      }
    ]
  },
  "evaluation_time": 35.46252226829529,
  "kg_co2_emissions": null
}