{
  "dataset_revision": "303f40ef3d50918d3dc43577d33f2f7344ad72c1",
  "task_name": "AlphaNLI",
  "mteb_version": "1.38.32",
  "scores": {
    "test": [
      {
        "ndcg_at_1": 0.00392,
        "ndcg_at_3": 0.00507,
        "ndcg_at_5": 0.00636,
        "ndcg_at_10": 0.00783,
        "ndcg_at_20": 0.00921,
        "ndcg_at_100": 0.01184,
        "ndcg_at_1000": 0.0173,
        "map_at_1": 0.00392,
        "map_at_3": 0.00479,
        "map_at_5": 0.00547,
        "map_at_10": 0.00608,
        "map_at_20": 0.00649,
        "map_at_100": 0.00679,
        "map_at_1000": 0.00693,
        "recall_at_1": 0.00392,
        "recall_at_3": 0.00587,
        "recall_at_5": 0.00914,
        "recall_at_10": 0.01371,
        "recall_at_20": 0.01893,
        "recall_at_100": 0.03394,
        "recall_at_1000": 0.08094,
        "precision_at_1": 0.00392,
        "precision_at_3": 0.00196,
        "precision_at_5": 0.00183,
        "precision_at_10": 0.00137,
        "precision_at_20": 0.00095,
        "precision_at_100": 0.00034,
        "precision_at_1000": 8e-05,
        "mrr_at_1": 0.003916,
        "mrr_at_3": 0.004787,
        "mrr_at_5": 0.005472,
        "mrr_at_10": 0.006083,
        "mrr_at_20": 0.006486,
        "mrr_at_100": 0.006795,
        "mrr_at_1000": 0.006934,
        "nauc_ndcg_at_1_max": -0.254273,
        "nauc_ndcg_at_1_std": 0.423454,
        "nauc_ndcg_at_1_diff1": 0.708819,
        "nauc_ndcg_at_3_max": -0.180538,
        "nauc_ndcg_at_3_std": 0.22942,
        "nauc_ndcg_at_3_diff1": 0.508953,
        "nauc_ndcg_at_5_max": -0.12714,
        "nauc_ndcg_at_5_std": 0.114658,
        "nauc_ndcg_at_5_diff1": 0.381368,
        "nauc_ndcg_at_10_max": -0.136836,
        "nauc_ndcg_at_10_std": 0.130032,
        "nauc_ndcg_at_10_diff1": 0.376655,
        "nauc_ndcg_at_20_max": -0.084015,
        "nauc_ndcg_at_20_std": 0.100037,
        "nauc_ndcg_at_20_diff1": 0.356099,
        "nauc_ndcg_at_100_max": -0.080074,
        "nauc_ndcg_at_100_std": 0.082199,
        "nauc_ndcg_at_100_diff1": 0.307296,
        "nauc_ndcg_at_1000_max": -0.040539,
        "nauc_ndcg_at_1000_std": 0.061725,
        "nauc_ndcg_at_1000_diff1": 0.204717,
        "nauc_map_at_1_max": -0.254273,
        "nauc_map_at_1_std": 0.423454,
        "nauc_map_at_1_diff1": 0.708819,
        "nauc_map_at_3_max": -0.194002,
        "nauc_map_at_3_std": 0.264938,
        "nauc_map_at_3_diff1": 0.549018,
        "nauc_map_at_5_max": -0.159882,
        "nauc_map_at_5_std": 0.18918,
        "nauc_map_at_5_diff1": 0.464352,
        "nauc_map_at_10_max": -0.16406,
        "nauc_map_at_10_std": 0.190758,
        "nauc_map_at_10_diff1": 0.458054,
        "nauc_map_at_20_max": -0.139545,
        "nauc_map_at_20_std": 0.17311,
        "nauc_map_at_20_diff1": 0.442263,
        "nauc_map_at_100_max": -0.137072,
        "nauc_map_at_100_std": 0.168547,
        "nauc_map_at_100_diff1": 0.42833,
        "nauc_map_at_1000_max": -0.132447,
        "nauc_map_at_1000_std": 0.164564,
        "nauc_map_at_1000_diff1": 0.418764,
        "nauc_recall_at_1_max": -0.254273,
        "nauc_recall_at_1_std": 0.423454,
        "nauc_recall_at_1_diff1": 0.708819,
        "nauc_recall_at_3_max": -0.149247,
        "nauc_recall_at_3_std": 0.146836,
        "nauc_recall_at_3_diff1": 0.414534,
        "nauc_recall_at_5_max": -0.065282,
        "nauc_recall_at_5_std": -0.02416,
        "nauc_recall_at_5_diff1": 0.226283,
        "nauc_recall_at_10_max": -0.097502,
        "nauc_recall_at_10_std": 0.047199,
        "nauc_recall_at_10_diff1": 0.258914,
        "nauc_recall_at_20_max": -0.012598,
        "nauc_recall_at_20_std": 0.017941,
        "nauc_recall_at_20_diff1": 0.258661,
        "nauc_recall_at_100_max": -0.033485,
        "nauc_recall_at_100_std": 0.011164,
        "nauc_recall_at_100_diff1": 0.204162,
        "nauc_recall_at_1000_max": 0.007497,
        "nauc_recall_at_1000_std": 0.019198,
        "nauc_recall_at_1000_diff1": 0.076885,
        "nauc_precision_at_1_max": -0.254273,
        "nauc_precision_at_1_std": 0.423454,
        "nauc_precision_at_1_diff1": 0.708819,
        "nauc_precision_at_3_max": -0.149247,
        "nauc_precision_at_3_std": 0.146836,
        "nauc_precision_at_3_diff1": 0.414534,
        "nauc_precision_at_5_max": -0.065282,
        "nauc_precision_at_5_std": -0.02416,
        "nauc_precision_at_5_diff1": 0.226283,
        "nauc_precision_at_10_max": -0.097502,
        "nauc_precision_at_10_std": 0.047199,
        "nauc_precision_at_10_diff1": 0.258914,
        "nauc_precision_at_20_max": -0.012598,
        "nauc_precision_at_20_std": 0.017941,
        "nauc_precision_at_20_diff1": 0.258661,
        "nauc_precision_at_100_max": -0.033485,
        "nauc_precision_at_100_std": 0.011164,
        "nauc_precision_at_100_diff1": 0.204162,
        "nauc_precision_at_1000_max": 0.007497,
        "nauc_precision_at_1000_std": 0.019198,
        "nauc_precision_at_1000_diff1": 0.076885,
        "nauc_mrr_at_1_max": -0.254273,
        "nauc_mrr_at_1_std": 0.423454,
        "nauc_mrr_at_1_diff1": 0.708819,
        "nauc_mrr_at_3_max": -0.194002,
        "nauc_mrr_at_3_std": 0.264938,
        "nauc_mrr_at_3_diff1": 0.549018,
        "nauc_mrr_at_5_max": -0.159882,
        "nauc_mrr_at_5_std": 0.18918,
        "nauc_mrr_at_5_diff1": 0.464352,
        "nauc_mrr_at_10_max": -0.16406,
        "nauc_mrr_at_10_std": 0.190758,
        "nauc_mrr_at_10_diff1": 0.458054,
        "nauc_mrr_at_20_max": -0.139545,
        "nauc_mrr_at_20_std": 0.17311,
        "nauc_mrr_at_20_diff1": 0.442263,
        "nauc_mrr_at_100_max": -0.137072,
        "nauc_mrr_at_100_std": 0.168547,
        "nauc_mrr_at_100_diff1": 0.42833,
        "nauc_mrr_at_1000_max": -0.132447,
        "nauc_mrr_at_1000_std": 0.164564,
        "nauc_mrr_at_1000_diff1": 0.418764,
        "main_score": 0.00783,
        "hf_subset": "default",
        "languages": [
          "eng-Latn"
        ]
      }
    ]
  },
  "evaluation_time": 838.9391069412231,
  "kg_co2_emissions": null
}