{
  "dataset_revision": "f22508f96b7a36c2415181ed8bb76f76e04ae2d5",
  "task_name": "AppsRetrieval",
  "mteb_version": "1.38.30",
  "scores": {
    "test": [
      {
        "ndcg_at_1": 0.00027,
        "ndcg_at_3": 0.0004,
        "ndcg_at_5": 0.0004,
        "ndcg_at_10": 0.0004,
        "ndcg_at_20": 0.00046,
        "ndcg_at_100": 0.00174,
        "ndcg_at_1000": 0.0108,
        "map_at_1": 0.00027,
        "map_at_3": 0.00035,
        "map_at_5": 0.00035,
        "map_at_10": 0.00035,
        "map_at_20": 0.00037,
        "map_at_100": 0.00053,
        "map_at_1000": 0.00072,
        "recall_at_1": 0.00027,
        "recall_at_3": 0.00053,
        "recall_at_5": 0.00053,
        "recall_at_10": 0.00053,
        "recall_at_20": 0.0008,
        "recall_at_100": 0.00797,
        "recall_at_1000": 0.08898,
        "precision_at_1": 0.00027,
        "precision_at_3": 0.00018,
        "precision_at_5": 0.00011,
        "precision_at_10": 5e-05,
        "precision_at_20": 4e-05,
        "precision_at_100": 8e-05,
        "precision_at_1000": 9e-05,
        "mrr_at_1": 0.000266,
        "mrr_at_3": 0.000354,
        "mrr_at_5": 0.000354,
        "mrr_at_10": 0.000354,
        "mrr_at_20": 0.00037,
        "mrr_at_100": 0.00053,
        "mrr_at_1000": 0.000717,
        "nauc_ndcg_at_1_max": 1.0,
        "nauc_ndcg_at_1_std": -0.415247,
        "nauc_ndcg_at_1_diff1": 0.098479,
        "nauc_ndcg_at_3_max": 1.0,
        "nauc_ndcg_at_3_std": -0.415247,
        "nauc_ndcg_at_3_diff1": 0.098479,
        "nauc_ndcg_at_5_max": 1.0,
        "nauc_ndcg_at_5_std": -0.415247,
        "nauc_ndcg_at_5_diff1": 0.098479,
        "nauc_ndcg_at_10_max": 1.0,
        "nauc_ndcg_at_10_std": -0.415247,
        "nauc_ndcg_at_10_diff1": 0.098479,
        "nauc_ndcg_at_20_max": 0.782913,
        "nauc_ndcg_at_20_std": -0.220172,
        "nauc_ndcg_at_20_diff1": 0.222743,
        "nauc_ndcg_at_100_max": 0.031467,
        "nauc_ndcg_at_100_std": 0.097108,
        "nauc_ndcg_at_100_diff1": 0.124981,
        "nauc_ndcg_at_1000_max": -0.063144,
        "nauc_ndcg_at_1000_std": 0.109784,
        "nauc_ndcg_at_1000_diff1": 0.036674,
        "nauc_map_at_1_max": 1.0,
        "nauc_map_at_1_std": -0.415247,
        "nauc_map_at_1_diff1": 0.098479,
        "nauc_map_at_3_max": 1.0,
        "nauc_map_at_3_std": -0.415247,
        "nauc_map_at_3_diff1": 0.098479,
        "nauc_map_at_5_max": 1.0,
        "nauc_map_at_5_std": -0.415247,
        "nauc_map_at_5_diff1": 0.098479,
        "nauc_map_at_10_max": 1.0,
        "nauc_map_at_10_std": -0.415247,
        "nauc_map_at_10_diff1": 0.098479,
        "nauc_map_at_20_max": 0.933453,
        "nauc_map_at_20_std": -0.355448,
        "nauc_map_at_20_diff1": 0.136572,
        "nauc_map_at_100_max": 0.582535,
        "nauc_map_at_100_std": -0.17433,
        "nauc_map_at_100_diff1": 0.125764,
        "nauc_map_at_1000_max": 0.409492,
        "nauc_map_at_1000_std": -0.10417,
        "nauc_map_at_1000_diff1": 0.105006,
        "nauc_recall_at_1_max": 1.0,
        "nauc_recall_at_1_std": -0.415247,
        "nauc_recall_at_1_diff1": 0.098479,
        "nauc_recall_at_3_max": 1.0,
        "nauc_recall_at_3_std": -0.415247,
        "nauc_recall_at_3_diff1": 0.098479,
        "nauc_recall_at_5_max": 1.0,
        "nauc_recall_at_5_std": -0.415247,
        "nauc_recall_at_5_diff1": 0.098479,
        "nauc_recall_at_10_max": 1.0,
        "nauc_recall_at_10_std": -0.415247,
        "nauc_recall_at_10_diff1": 0.098479,
        "nauc_recall_at_20_max": 0.475019,
        "nauc_recall_at_20_std": 0.056502,
        "nauc_recall_at_20_diff1": 0.398986,
        "nauc_recall_at_100_max": -0.171765,
        "nauc_recall_at_100_std": 0.183766,
        "nauc_recall_at_100_diff1": 0.116029,
        "nauc_recall_at_1000_max": -0.089129,
        "nauc_recall_at_1000_std": 0.120425,
        "nauc_recall_at_1000_diff1": 0.024569,
        "nauc_precision_at_1_max": 1.0,
        "nauc_precision_at_1_std": -0.415247,
        "nauc_precision_at_1_diff1": 0.098479,
        "nauc_precision_at_3_max": 1.0,
        "nauc_precision_at_3_std": -0.415247,
        "nauc_precision_at_3_diff1": 0.098479,
        "nauc_precision_at_5_max": 1.0,
        "nauc_precision_at_5_std": -0.415247,
        "nauc_precision_at_5_diff1": 0.098479,
        "nauc_precision_at_10_max": 1.0,
        "nauc_precision_at_10_std": -0.415247,
        "nauc_precision_at_10_diff1": 0.098479,
        "nauc_precision_at_20_max": 0.475019,
        "nauc_precision_at_20_std": 0.056502,
        "nauc_precision_at_20_diff1": 0.398986,
        "nauc_precision_at_100_max": -0.171765,
        "nauc_precision_at_100_std": 0.183766,
        "nauc_precision_at_100_diff1": 0.116029,
        "nauc_precision_at_1000_max": -0.089129,
        "nauc_precision_at_1000_std": 0.120425,
        "nauc_precision_at_1000_diff1": 0.024569,
        "nauc_mrr_at_1_max": 1.0,
        "nauc_mrr_at_1_std": -0.415247,
        "nauc_mrr_at_1_diff1": 0.098479,
        "nauc_mrr_at_3_max": 1.0,
        "nauc_mrr_at_3_std": -0.415247,
        "nauc_mrr_at_3_diff1": 0.098479,
        "nauc_mrr_at_5_max": 1.0,
        "nauc_mrr_at_5_std": -0.415247,
        "nauc_mrr_at_5_diff1": 0.098479,
        "nauc_mrr_at_10_max": 1.0,
        "nauc_mrr_at_10_std": -0.415247,
        "nauc_mrr_at_10_diff1": 0.098479,
        "nauc_mrr_at_20_max": 0.933453,
        "nauc_mrr_at_20_std": -0.355448,
        "nauc_mrr_at_20_diff1": 0.136572,
        "nauc_mrr_at_100_max": 0.582535,
        "nauc_mrr_at_100_std": -0.17433,
        "nauc_mrr_at_100_diff1": 0.125764,
        "nauc_mrr_at_1000_max": 0.409492,
        "nauc_mrr_at_1000_std": -0.10417,
        "nauc_mrr_at_1000_diff1": 0.105006,
        "main_score": 0.0004,
        "hf_subset": "default",
        "languages": [
          "eng-Latn",
          "python-Code"
        ]
      }
    ]
  },
  "evaluation_time": 3664.502509832382,
  "kg_co2_emissions": null
}