{
  "dataset_revision": "c481e0da3dcbbad8bce7721dea9085b74320a0a3",
  "task_name": "ARCChallenge",
  "mteb_version": "1.38.33",
  "scores": {
    "test": [
      {
        "ndcg_at_1": 0.00256,
        "ndcg_at_3": 0.00503,
        "ndcg_at_5": 0.00749,
        "ndcg_at_10": 0.00943,
        "ndcg_at_20": 0.01158,
        "ndcg_at_100": 0.01803,
        "ndcg_at_1000": 0.03149,
        "map_at_1": 0.00256,
        "map_at_3": 0.00441,
        "map_at_5": 0.00577,
        "map_at_10": 0.00658,
        "map_at_20": 0.00717,
        "map_at_100": 0.00805,
        "map_at_1000": 0.00838,
        "recall_at_1": 0.00256,
        "recall_at_3": 0.00683,
        "recall_at_5": 0.0128,
        "recall_at_10": 0.01877,
        "recall_at_20": 0.0273,
        "recall_at_100": 0.06229,
        "recall_at_1000": 0.17918,
        "precision_at_1": 0.00256,
        "precision_at_3": 0.00228,
        "precision_at_5": 0.00256,
        "precision_at_10": 0.00188,
        "precision_at_20": 0.00137,
        "precision_at_100": 0.00062,
        "precision_at_1000": 0.00018,
        "mrr_at_1": 0.00256,
        "mrr_at_3": 0.004408,
        "mrr_at_5": 0.005774,
        "mrr_at_10": 0.006577,
        "mrr_at_20": 0.007169,
        "mrr_at_100": 0.008051,
        "mrr_at_1000": 0.008376,
        "nauc_ndcg_at_1_max": 0.398895,
        "nauc_ndcg_at_1_std": 0.028681,
        "nauc_ndcg_at_1_diff1": 0.274698,
        "nauc_ndcg_at_3_max": 0.189545,
        "nauc_ndcg_at_3_std": 0.164477,
        "nauc_ndcg_at_3_diff1": 0.042653,
        "nauc_ndcg_at_5_max": 0.132717,
        "nauc_ndcg_at_5_std": 0.154775,
        "nauc_ndcg_at_5_diff1": 0.031941,
        "nauc_ndcg_at_10_max": 0.074842,
        "nauc_ndcg_at_10_std": 0.133588,
        "nauc_ndcg_at_10_diff1": 0.037544,
        "nauc_ndcg_at_20_max": 0.03225,
        "nauc_ndcg_at_20_std": 0.156466,
        "nauc_ndcg_at_20_diff1": 0.04346,
        "nauc_ndcg_at_100_max": 0.00419,
        "nauc_ndcg_at_100_std": 0.124915,
        "nauc_ndcg_at_100_diff1": 0.033154,
        "nauc_ndcg_at_1000_max": 0.012838,
        "nauc_ndcg_at_1000_std": 0.076144,
        "nauc_ndcg_at_1000_diff1": 0.038164,
        "nauc_map_at_1_max": 0.398895,
        "nauc_map_at_1_std": 0.028681,
        "nauc_map_at_1_diff1": 0.274698,
        "nauc_map_at_3_max": 0.219047,
        "nauc_map_at_3_std": 0.136007,
        "nauc_map_at_3_diff1": 0.082518,
        "nauc_map_at_5_max": 0.171508,
        "nauc_map_at_5_std": 0.133495,
        "nauc_map_at_5_diff1": 0.070315,
        "nauc_map_at_10_max": 0.133562,
        "nauc_map_at_10_std": 0.121064,
        "nauc_map_at_10_diff1": 0.071049,
        "nauc_map_at_20_max": 0.108584,
        "nauc_map_at_20_std": 0.133384,
        "nauc_map_at_20_diff1": 0.072555,
        "nauc_map_at_100_max": 0.092977,
        "nauc_map_at_100_std": 0.123325,
        "nauc_map_at_100_diff1": 0.064386,
        "nauc_map_at_1000_max": 0.091197,
        "nauc_map_at_1000_std": 0.118939,
        "nauc_map_at_1000_diff1": 0.064862,
        "nauc_recall_at_1_max": 0.398895,
        "nauc_recall_at_1_std": 0.028681,
        "nauc_recall_at_1_diff1": 0.274698,
        "nauc_recall_at_3_max": 0.134511,
        "nauc_recall_at_3_std": 0.220058,
        "nauc_recall_at_3_diff1": -0.033611,
        "nauc_recall_at_5_max": 0.078843,
        "nauc_recall_at_5_std": 0.184566,
        "nauc_recall_at_5_diff1": -0.022455,
        "nauc_recall_at_10_max": 0.004365,
        "nauc_recall_at_10_std": 0.146592,
        "nauc_recall_at_10_diff1": -0.000251,
        "nauc_recall_at_20_max": -0.042667,
        "nauc_recall_at_20_std": 0.178487,
        "nauc_recall_at_20_diff1": 0.018444,
        "nauc_recall_at_100_max": -0.045765,
        "nauc_recall_at_100_std": 0.121335,
        "nauc_recall_at_100_diff1": 0.019904,
        "nauc_recall_at_1000_max": -0.003209,
        "nauc_recall_at_1000_std": 0.043751,
        "nauc_recall_at_1000_diff1": 0.03186,
        "nauc_precision_at_1_max": 0.398895,
        "nauc_precision_at_1_std": 0.028681,
        "nauc_precision_at_1_diff1": 0.274698,
        "nauc_precision_at_3_max": 0.134511,
        "nauc_precision_at_3_std": 0.220058,
        "nauc_precision_at_3_diff1": -0.033611,
        "nauc_precision_at_5_max": 0.078843,
        "nauc_precision_at_5_std": 0.184566,
        "nauc_precision_at_5_diff1": -0.022455,
        "nauc_precision_at_10_max": 0.004365,
        "nauc_precision_at_10_std": 0.146592,
        "nauc_precision_at_10_diff1": -0.000251,
        "nauc_precision_at_20_max": -0.042667,
        "nauc_precision_at_20_std": 0.178487,
        "nauc_precision_at_20_diff1": 0.018444,
        "nauc_precision_at_100_max": -0.045765,
        "nauc_precision_at_100_std": 0.121335,
        "nauc_precision_at_100_diff1": 0.019904,
        "nauc_precision_at_1000_max": -0.003209,
        "nauc_precision_at_1000_std": 0.043751,
        "nauc_precision_at_1000_diff1": 0.03186,
        "nauc_mrr_at_1_max": 0.398895,
        "nauc_mrr_at_1_std": 0.028681,
        "nauc_mrr_at_1_diff1": 0.274698,
        "nauc_mrr_at_3_max": 0.219047,
        "nauc_mrr_at_3_std": 0.136007,
        "nauc_mrr_at_3_diff1": 0.082518,
        "nauc_mrr_at_5_max": 0.171508,
        "nauc_mrr_at_5_std": 0.133495,
        "nauc_mrr_at_5_diff1": 0.070315,
        "nauc_mrr_at_10_max": 0.133562,
        "nauc_mrr_at_10_std": 0.121064,
        "nauc_mrr_at_10_diff1": 0.071049,
        "nauc_mrr_at_20_max": 0.108584,
        "nauc_mrr_at_20_std": 0.133384,
        "nauc_mrr_at_20_diff1": 0.072555,
        "nauc_mrr_at_100_max": 0.092977,
        "nauc_mrr_at_100_std": 0.123325,
        "nauc_mrr_at_100_diff1": 0.064386,
        "nauc_mrr_at_1000_max": 0.091197,
        "nauc_mrr_at_1000_std": 0.118939,
        "nauc_mrr_at_1000_diff1": 0.064862,
        "main_score": 0.00943,
        "hf_subset": "default",
        "languages": [
          "eng-Latn"
        ]
      }
    ]
  },
  "evaluation_time": 170.6682689189911,
  "kg_co2_emissions": null
}