{
  "dataset_revision": "c22ab2a51041ffd869aaddef7af8d8215647e41a",
  "task_name": "ArguAna",
  "mteb_version": "1.38.33",
  "scores": {
    "test": [
      {
        "ndcg_at_1": 0.05903,
        "ndcg_at_3": 0.09526,
        "ndcg_at_5": 0.1098,
        "ndcg_at_10": 0.12749,
        "ndcg_at_20": 0.14038,
        "ndcg_at_100": 0.16253,
        "ndcg_at_1000": 0.18843,
        "map_at_1": 0.05903,
        "map_at_3": 0.08618,
        "map_at_5": 0.09418,
        "map_at_10": 0.10148,
        "map_at_20": 0.10508,
        "map_at_100": 0.10812,
        "map_at_1000": 0.10889,
        "recall_at_1": 0.05903,
        "recall_at_3": 0.12162,
        "recall_at_5": 0.15718,
        "recall_at_10": 0.21195,
        "recall_at_20": 0.26245,
        "recall_at_100": 0.38193,
        "recall_at_1000": 0.59815,
        "precision_at_1": 0.05903,
        "precision_at_3": 0.04054,
        "precision_at_5": 0.03144,
        "precision_at_10": 0.02119,
        "precision_at_20": 0.01312,
        "precision_at_100": 0.00382,
        "precision_at_1000": 0.0006,
        "mrr_at_1": 0.059033,
        "mrr_at_3": 0.085823,
        "mrr_at_5": 0.094002,
        "mrr_at_10": 0.101299,
        "mrr_at_20": 0.1049,
        "mrr_at_100": 0.107943,
        "mrr_at_1000": 0.108716,
        "nauc_ndcg_at_1_max": 0.004792,
        "nauc_ndcg_at_1_std": 0.063809,
        "nauc_ndcg_at_1_diff1": 0.220838,
        "nauc_ndcg_at_3_max": 0.018925,
        "nauc_ndcg_at_3_std": 0.062225,
        "nauc_ndcg_at_3_diff1": 0.125011,
        "nauc_ndcg_at_5_max": 0.047769,
        "nauc_ndcg_at_5_std": 0.059638,
        "nauc_ndcg_at_5_diff1": 0.140722,
        "nauc_ndcg_at_10_max": 0.032025,
        "nauc_ndcg_at_10_std": 0.068392,
        "nauc_ndcg_at_10_diff1": 0.122935,
        "nauc_ndcg_at_20_max": 0.029587,
        "nauc_ndcg_at_20_std": 0.097136,
        "nauc_ndcg_at_20_diff1": 0.127187,
        "nauc_ndcg_at_100_max": 0.032458,
        "nauc_ndcg_at_100_std": 0.10944,
        "nauc_ndcg_at_100_diff1": 0.118451,
        "nauc_ndcg_at_1000_max": 0.021435,
        "nauc_ndcg_at_1000_std": 0.108848,
        "nauc_ndcg_at_1000_diff1": 0.122243,
        "nauc_map_at_1_max": 0.004792,
        "nauc_map_at_1_std": 0.063809,
        "nauc_map_at_1_diff1": 0.220838,
        "nauc_map_at_3_max": 0.01466,
        "nauc_map_at_3_std": 0.065574,
        "nauc_map_at_3_diff1": 0.139487,
        "nauc_map_at_5_max": 0.032844,
        "nauc_map_at_5_std": 0.063569,
        "nauc_map_at_5_diff1": 0.148737,
        "nauc_map_at_10_max": 0.025095,
        "nauc_map_at_10_std": 0.067291,
        "nauc_map_at_10_diff1": 0.138742,
        "nauc_map_at_20_max": 0.023602,
        "nauc_map_at_20_std": 0.077446,
        "nauc_map_at_20_diff1": 0.139921,
        "nauc_map_at_100_max": 0.024909,
        "nauc_map_at_100_std": 0.07867,
        "nauc_map_at_100_diff1": 0.138073,
        "nauc_map_at_1000_max": 0.024476,
        "nauc_map_at_1000_std": 0.078649,
        "nauc_map_at_1000_diff1": 0.138112,
        "nauc_recall_at_1_max": 0.004792,
        "nauc_recall_at_1_std": 0.063809,
        "nauc_recall_at_1_diff1": 0.220838,
        "nauc_recall_at_3_max": 0.028499,
        "nauc_recall_at_3_std": 0.054219,
        "nauc_recall_at_3_diff1": 0.094971,
        "nauc_recall_at_5_max": 0.078997,
        "nauc_recall_at_5_std": 0.051437,
        "nauc_recall_at_5_diff1": 0.127573,
        "nauc_recall_at_10_max": 0.043049,
        "nauc_recall_at_10_std": 0.071994,
        "nauc_recall_at_10_diff1": 0.096342,
        "nauc_recall_at_20_max": 0.038943,
        "nauc_recall_at_20_std": 0.140592,
        "nauc_recall_at_20_diff1": 0.109378,
        "nauc_recall_at_100_max": 0.041824,
        "nauc_recall_at_100_std": 0.181489,
        "nauc_recall_at_100_diff1": 0.085282,
        "nauc_recall_at_1000_max": -0.014184,
        "nauc_recall_at_1000_std": 0.187908,
        "nauc_recall_at_1000_diff1": 0.104644,
        "nauc_precision_at_1_max": 0.004792,
        "nauc_precision_at_1_std": 0.063809,
        "nauc_precision_at_1_diff1": 0.220838,
        "nauc_precision_at_3_max": 0.028499,
        "nauc_precision_at_3_std": 0.054219,
        "nauc_precision_at_3_diff1": 0.094971,
        "nauc_precision_at_5_max": 0.078997,
        "nauc_precision_at_5_std": 0.051437,
        "nauc_precision_at_5_diff1": 0.127573,
        "nauc_precision_at_10_max": 0.043049,
        "nauc_precision_at_10_std": 0.071994,
        "nauc_precision_at_10_diff1": 0.096342,
        "nauc_precision_at_20_max": 0.038943,
        "nauc_precision_at_20_std": 0.140592,
        "nauc_precision_at_20_diff1": 0.109378,
        "nauc_precision_at_100_max": 0.041824,
        "nauc_precision_at_100_std": 0.181489,
        "nauc_precision_at_100_diff1": 0.085282,
        "nauc_precision_at_1000_max": -0.014184,
        "nauc_precision_at_1000_std": 0.187908,
        "nauc_precision_at_1000_diff1": 0.104644,
        "nauc_mrr_at_1_max": 0.00982,
        "nauc_mrr_at_1_std": 0.059656,
        "nauc_mrr_at_1_diff1": 0.220838,
        "nauc_mrr_at_3_max": 0.010708,
        "nauc_mrr_at_3_std": 0.065268,
        "nauc_mrr_at_3_diff1": 0.134296,
        "nauc_mrr_at_5_max": 0.031145,
        "nauc_mrr_at_5_std": 0.062041,
        "nauc_mrr_at_5_diff1": 0.145693,
        "nauc_mrr_at_10_max": 0.023463,
        "nauc_mrr_at_10_std": 0.065842,
        "nauc_mrr_at_10_diff1": 0.135825,
        "nauc_mrr_at_20_max": 0.021987,
        "nauc_mrr_at_20_std": 0.076032,
        "nauc_mrr_at_20_diff1": 0.137042,
        "nauc_mrr_at_100_max": 0.023304,
        "nauc_mrr_at_100_std": 0.077268,
        "nauc_mrr_at_100_diff1": 0.135202,
        "nauc_mrr_at_1000_max": 0.022869,
        "nauc_mrr_at_1000_std": 0.077245,
        "nauc_mrr_at_1000_diff1": 0.13524,
        "main_score": 0.12749,
        "hf_subset": "default",
        "languages": [
          "eng-Latn"
        ]
      }
    ]
  },
  "evaluation_time": 2171.213227748871,
  "kg_co2_emissions": null
}