{
  "dataset_revision": "c22ab2a51041ffd869aaddef7af8d8215647e41a",
  "task_name": "ArguAna",
  "mteb_version": "1.38.32",
  "scores": {
    "test": [
      {
        "ndcg_at_1": 0.05761,
        "ndcg_at_3": 0.09528,
        "ndcg_at_5": 0.10948,
        "ndcg_at_10": 0.12717,
        "ndcg_at_20": 0.14006,
        "ndcg_at_100": 0.16221,
        "ndcg_at_1000": 0.18811,
        "map_at_1": 0.05761,
        "map_at_3": 0.08594,
        "map_at_5": 0.09373,
        "map_at_10": 0.10103,
        "map_at_20": 0.10463,
        "map_at_100": 0.10767,
        "map_at_1000": 0.10844,
        "recall_at_1": 0.05761,
        "recall_at_3": 0.12233,
        "recall_at_5": 0.15718,
        "recall_at_10": 0.21195,
        "recall_at_20": 0.26245,
        "recall_at_100": 0.38193,
        "recall_at_1000": 0.59815,
        "precision_at_1": 0.05761,
        "precision_at_3": 0.04078,
        "precision_at_5": 0.03144,
        "precision_at_10": 0.02119,
        "precision_at_20": 0.01312,
        "precision_at_100": 0.00382,
        "precision_at_1000": 0.0006,
        "mrr_at_1": 0.059744,
        "mrr_at_3": 0.086297,
        "mrr_at_5": 0.094334,
        "mrr_at_10": 0.10175,
        "mrr_at_20": 0.10535,
        "mrr_at_100": 0.108394,
        "mrr_at_1000": 0.109166,
        "nauc_ndcg_at_1_max": 0.001782,
        "nauc_ndcg_at_1_std": 0.06671,
        "nauc_ndcg_at_1_diff1": 0.240492,
        "nauc_ndcg_at_3_max": 0.024825,
        "nauc_ndcg_at_3_std": 0.061818,
        "nauc_ndcg_at_3_diff1": 0.13597,
        "nauc_ndcg_at_5_max": 0.050376,
        "nauc_ndcg_at_5_std": 0.06016,
        "nauc_ndcg_at_5_diff1": 0.147975,
        "nauc_ndcg_at_10_max": 0.034339,
        "nauc_ndcg_at_10_std": 0.06889,
        "nauc_ndcg_at_10_diff1": 0.129451,
        "nauc_ndcg_at_20_max": 0.03181,
        "nauc_ndcg_at_20_std": 0.097698,
        "nauc_ndcg_at_20_diff1": 0.13348,
        "nauc_ndcg_at_100_max": 0.034624,
        "nauc_ndcg_at_100_std": 0.11002,
        "nauc_ndcg_at_100_diff1": 0.124527,
        "nauc_ndcg_at_1000_max": 0.023623,
        "nauc_ndcg_at_1000_std": 0.10944,
        "nauc_ndcg_at_1000_diff1": 0.128476,
        "nauc_map_at_1_max": 0.001782,
        "nauc_map_at_1_std": 0.06671,
        "nauc_map_at_1_diff1": 0.240492,
        "nauc_map_at_3_max": 0.020277,
        "nauc_map_at_3_std": 0.066007,
        "nauc_map_at_3_diff1": 0.152836,
        "nauc_map_at_5_max": 0.036446,
        "nauc_map_at_5_std": 0.064445,
        "nauc_map_at_5_diff1": 0.159602,
        "nauc_map_at_10_max": 0.028488,
        "nauc_map_at_10_std": 0.068144,
        "nauc_map_at_10_diff1": 0.149041,
        "nauc_map_at_20_max": 0.026945,
        "nauc_map_at_20_std": 0.078337,
        "nauc_map_at_20_diff1": 0.150098,
        "nauc_map_at_100_max": 0.028242,
        "nauc_map_at_100_std": 0.079563,
        "nauc_map_at_100_diff1": 0.148184,
        "nauc_map_at_1000_max": 0.027808,
        "nauc_map_at_1000_std": 0.079542,
        "nauc_map_at_1000_diff1": 0.148229,
        "nauc_recall_at_1_max": 0.001782,
        "nauc_recall_at_1_std": 0.06671,
        "nauc_recall_at_1_diff1": 0.240492,
        "nauc_recall_at_3_max": 0.034573,
        "nauc_recall_at_3_std": 0.052024,
        "nauc_recall_at_3_diff1": 0.100771,
        "nauc_recall_at_5_max": 0.078997,
        "nauc_recall_at_5_std": 0.051437,
        "nauc_recall_at_5_diff1": 0.127573,
        "nauc_recall_at_10_max": 0.043049,
        "nauc_recall_at_10_std": 0.071994,
        "nauc_recall_at_10_diff1": 0.096342,
        "nauc_recall_at_20_max": 0.038943,
        "nauc_recall_at_20_std": 0.140592,
        "nauc_recall_at_20_diff1": 0.109378,
        "nauc_recall_at_100_max": 0.041824,
        "nauc_recall_at_100_std": 0.181489,
        "nauc_recall_at_100_diff1": 0.085282,
        "nauc_recall_at_1000_max": -0.014184,
        "nauc_recall_at_1000_std": 0.187908,
        "nauc_recall_at_1000_diff1": 0.104644,
        "nauc_precision_at_1_max": 0.001782,
        "nauc_precision_at_1_std": 0.06671,
        "nauc_precision_at_1_diff1": 0.240492,
        "nauc_precision_at_3_max": 0.034573,
        "nauc_precision_at_3_std": 0.052024,
        "nauc_precision_at_3_diff1": 0.100771,
        "nauc_precision_at_5_max": 0.078997,
        "nauc_precision_at_5_std": 0.051437,
        "nauc_precision_at_5_diff1": 0.127573,
        "nauc_precision_at_10_max": 0.043049,
        "nauc_precision_at_10_std": 0.071994,
        "nauc_precision_at_10_diff1": 0.096342,
        "nauc_precision_at_20_max": 0.038943,
        "nauc_precision_at_20_std": 0.140592,
        "nauc_precision_at_20_diff1": 0.109378,
        "nauc_precision_at_100_max": 0.041824,
        "nauc_precision_at_100_std": 0.181489,
        "nauc_precision_at_100_diff1": 0.085282,
        "nauc_precision_at_1000_max": -0.014184,
        "nauc_precision_at_1000_std": 0.187908,
        "nauc_precision_at_1000_diff1": 0.104644,
        "nauc_mrr_at_1_max": 0.013562,
        "nauc_mrr_at_1_std": 0.062804,
        "nauc_mrr_at_1_diff1": 0.211362,
        "nauc_mrr_at_3_max": 0.013431,
        "nauc_mrr_at_3_std": 0.066411,
        "nauc_mrr_at_3_diff1": 0.132513,
        "nauc_mrr_at_5_max": 0.032154,
        "nauc_mrr_at_5_std": 0.063019,
        "nauc_mrr_at_5_diff1": 0.14238,
        "nauc_mrr_at_10_max": 0.0257,
        "nauc_mrr_at_10_std": 0.066614,
        "nauc_mrr_at_10_diff1": 0.133861,
        "nauc_mrr_at_20_max": 0.024203,
        "nauc_mrr_at_20_std": 0.076744,
        "nauc_mrr_at_20_diff1": 0.135097,
        "nauc_mrr_at_100_max": 0.025499,
        "nauc_mrr_at_100_std": 0.077971,
        "nauc_mrr_at_100_diff1": 0.133281,
        "nauc_mrr_at_1000_max": 0.025067,
        "nauc_mrr_at_1000_std": 0.077949,
        "nauc_mrr_at_1000_diff1": 0.133318,
        "main_score": 0.12717,
        "hf_subset": "default",
        "languages": [
          "eng-Latn"
        ]
      }
    ]
  },
  "evaluation_time": 767.8566827774048,
  "kg_co2_emissions": null
}