{
  "dataset_revision": "ae611238a58dae85f3130563fe9f9e995444a8d6",
  "task_name": "BuiltBenchRetrieval",
  "mteb_version": "1.38.33",
  "scores": {
    "test": [
      {
        "ndcg_at_1": 0.13473,
        "ndcg_at_3": 0.13201,
        "ndcg_at_5": 0.12678,
        "ndcg_at_10": 0.13384,
        "ndcg_at_20": 0.14832,
        "ndcg_at_100": 0.18988,
        "ndcg_at_1000": 0.26447,
        "map_at_1": 0.04586,
        "map_at_3": 0.0709,
        "map_at_5": 0.07526,
        "map_at_10": 0.08528,
        "map_at_20": 0.09462,
        "map_at_100": 0.10508,
        "map_at_1000": 0.11006,
        "recall_at_1": 0.04586,
        "recall_at_3": 0.09162,
        "recall_at_5": 0.10446,
        "recall_at_10": 0.14819,
        "recall_at_20": 0.20415,
        "recall_at_100": 0.36361,
        "recall_at_1000": 0.74168,
        "precision_at_1": 0.13473,
        "precision_at_3": 0.09681,
        "precision_at_5": 0.07305,
        "precision_at_10": 0.05719,
        "precision_at_20": 0.04656,
        "precision_at_100": 0.01988,
        "precision_at_1000": 0.00507,
        "mrr_at_1": 0.134731,
        "mrr_at_3": 0.168663,
        "mrr_at_5": 0.176597,
        "mrr_at_10": 0.182855,
        "mrr_at_20": 0.189317,
        "mrr_at_100": 0.193573,
        "mrr_at_1000": 0.194774,
        "nauc_ndcg_at_1_max": 0.332162,
        "nauc_ndcg_at_1_std": -0.261034,
        "nauc_ndcg_at_1_diff1": 0.112879,
        "nauc_ndcg_at_3_max": 0.373306,
        "nauc_ndcg_at_3_std": -0.294789,
        "nauc_ndcg_at_3_diff1": 0.055877,
        "nauc_ndcg_at_5_max": 0.377581,
        "nauc_ndcg_at_5_std": -0.303484,
        "nauc_ndcg_at_5_diff1": 0.037035,
        "nauc_ndcg_at_10_max": 0.379191,
        "nauc_ndcg_at_10_std": -0.339546,
        "nauc_ndcg_at_10_diff1": 0.007437,
        "nauc_ndcg_at_20_max": 0.397907,
        "nauc_ndcg_at_20_std": -0.370965,
        "nauc_ndcg_at_20_diff1": -0.017633,
        "nauc_ndcg_at_100_max": 0.397716,
        "nauc_ndcg_at_100_std": -0.384902,
        "nauc_ndcg_at_100_diff1": -0.012434,
        "nauc_ndcg_at_1000_max": 0.393209,
        "nauc_ndcg_at_1000_std": -0.352493,
        "nauc_ndcg_at_1000_diff1": -0.026899,
        "nauc_map_at_1_max": 0.386526,
        "nauc_map_at_1_std": -0.34747,
        "nauc_map_at_1_diff1": 0.12952,
        "nauc_map_at_3_max": 0.423958,
        "nauc_map_at_3_std": -0.327777,
        "nauc_map_at_3_diff1": 0.066803,
        "nauc_map_at_5_max": 0.40702,
        "nauc_map_at_5_std": -0.329274,
        "nauc_map_at_5_diff1": 0.059277,
        "nauc_map_at_10_max": 0.394226,
        "nauc_map_at_10_std": -0.346601,
        "nauc_map_at_10_diff1": 0.032972,
        "nauc_map_at_20_max": 0.397054,
        "nauc_map_at_20_std": -0.354415,
        "nauc_map_at_20_diff1": 0.010476,
        "nauc_map_at_100_max": 0.400067,
        "nauc_map_at_100_std": -0.358222,
        "nauc_map_at_100_diff1": 0.003484,
        "nauc_map_at_1000_max": 0.40503,
        "nauc_map_at_1000_std": -0.358476,
        "nauc_map_at_1000_diff1": 0.002159,
        "nauc_recall_at_1_max": 0.386526,
        "nauc_recall_at_1_std": -0.34747,
        "nauc_recall_at_1_diff1": 0.12952,
        "nauc_recall_at_3_max": 0.415427,
        "nauc_recall_at_3_std": -0.307594,
        "nauc_recall_at_3_diff1": 0.044208,
        "nauc_recall_at_5_max": 0.362388,
        "nauc_recall_at_5_std": -0.297465,
        "nauc_recall_at_5_diff1": 0.036099,
        "nauc_recall_at_10_max": 0.291573,
        "nauc_recall_at_10_std": -0.339328,
        "nauc_recall_at_10_diff1": -0.028196,
        "nauc_recall_at_20_max": 0.334971,
        "nauc_recall_at_20_std": -0.382351,
        "nauc_recall_at_20_diff1": -0.073255,
        "nauc_recall_at_100_max": 0.320553,
        "nauc_recall_at_100_std": -0.377109,
        "nauc_recall_at_100_diff1": -0.03554,
        "nauc_recall_at_1000_max": 0.30926,
        "nauc_recall_at_1000_std": -0.319724,
        "nauc_recall_at_1000_diff1": -0.189601,
        "nauc_precision_at_1_max": 0.332162,
        "nauc_precision_at_1_std": -0.261034,
        "nauc_precision_at_1_diff1": 0.112879,
        "nauc_precision_at_3_max": 0.372061,
        "nauc_precision_at_3_std": -0.292575,
        "nauc_precision_at_3_diff1": 0.013192,
        "nauc_precision_at_5_max": 0.349481,
        "nauc_precision_at_5_std": -0.292012,
        "nauc_precision_at_5_diff1": -0.032654,
        "nauc_precision_at_10_max": 0.339945,
        "nauc_precision_at_10_std": -0.316017,
        "nauc_precision_at_10_diff1": -0.073809,
        "nauc_precision_at_20_max": 0.353591,
        "nauc_precision_at_20_std": -0.315094,
        "nauc_precision_at_20_diff1": -0.090217,
        "nauc_precision_at_100_max": 0.337886,
        "nauc_precision_at_100_std": -0.268007,
        "nauc_precision_at_100_diff1": -0.043531,
        "nauc_precision_at_1000_max": 0.211382,
        "nauc_precision_at_1000_std": -0.07884,
        "nauc_precision_at_1000_diff1": 0.009162,
        "nauc_mrr_at_1_max": 0.332162,
        "nauc_mrr_at_1_std": -0.261034,
        "nauc_mrr_at_1_diff1": 0.112879,
        "nauc_mrr_at_3_max": 0.340102,
        "nauc_mrr_at_3_std": -0.273641,
        "nauc_mrr_at_3_diff1": 0.089574,
        "nauc_mrr_at_5_max": 0.341784,
        "nauc_mrr_at_5_std": -0.274734,
        "nauc_mrr_at_5_diff1": 0.080518,
        "nauc_mrr_at_10_max": 0.342303,
        "nauc_mrr_at_10_std": -0.283119,
        "nauc_mrr_at_10_diff1": 0.069272,
        "nauc_mrr_at_20_max": 0.34517,
        "nauc_mrr_at_20_std": -0.290978,
        "nauc_mrr_at_20_diff1": 0.068913,
        "nauc_mrr_at_100_max": 0.344562,
        "nauc_mrr_at_100_std": -0.290828,
        "nauc_mrr_at_100_diff1": 0.0676,
        "nauc_mrr_at_1000_max": 0.344402,
        "nauc_mrr_at_1000_std": -0.290322,
        "nauc_mrr_at_1000_diff1": 0.067484,
        "main_score": 0.13384,
        "hf_subset": "default",
        "languages": [
          "eng-Latn"
        ]
      }
    ]
  },
  "evaluation_time": 332.684113740921,
  "kg_co2_emissions": null
}