{
  "dataset_revision": "1840e8a5ac6ec752bbdd97d543ead0189bc7c25b",
  "task_name": "ChemHotpotQARetrieval",
  "mteb_version": "1.38.33",
  "scores": {
    "train": [
      {
        "ndcg_at_1": 0.05,
        "ndcg_at_3": 0.05764,
        "ndcg_at_5": 0.05911,
        "ndcg_at_10": 0.06446,
        "ndcg_at_20": 0.06937,
        "ndcg_at_100": 0.08808,
        "ndcg_at_1000": 0.13,
        "map_at_1": 0.04722,
        "map_at_3": 0.05463,
        "map_at_5": 0.05602,
        "map_at_10": 0.0582,
        "map_at_20": 0.05943,
        "map_at_100": 0.06183,
        "map_at_1000": 0.06296,
        "recall_at_1": 0.04722,
        "recall_at_3": 0.06389,
        "recall_at_5": 0.06667,
        "recall_at_10": 0.08333,
        "recall_at_20": 0.10278,
        "recall_at_100": 0.20556,
        "recall_at_1000": 0.55833,
        "precision_at_1": 0.05,
        "precision_at_3": 0.02222,
        "precision_at_5": 0.01444,
        "precision_at_10": 0.00889,
        "precision_at_20": 0.00556,
        "precision_at_100": 0.00217,
        "precision_at_1000": 0.00059,
        "mrr_at_1": 0.05,
        "mrr_at_3": 0.057407,
        "mrr_at_5": 0.057407,
        "mrr_at_10": 0.05959,
        "mrr_at_20": 0.060965,
        "mrr_at_100": 0.063413,
        "mrr_at_1000": 0.064558,
        "nauc_ndcg_at_1_max": 0.674448,
        "nauc_ndcg_at_1_std": -0.450705,
        "nauc_ndcg_at_1_diff1": 0.525892,
        "nauc_ndcg_at_3_max": 0.570939,
        "nauc_ndcg_at_3_std": -0.443865,
        "nauc_ndcg_at_3_diff1": 0.472809,
        "nauc_ndcg_at_5_max": 0.581588,
        "nauc_ndcg_at_5_std": -0.447113,
        "nauc_ndcg_at_5_diff1": 0.448673,
        "nauc_ndcg_at_10_max": 0.556003,
        "nauc_ndcg_at_10_std": -0.455676,
        "nauc_ndcg_at_10_diff1": 0.387363,
        "nauc_ndcg_at_20_max": 0.515686,
        "nauc_ndcg_at_20_std": -0.454551,
        "nauc_ndcg_at_20_diff1": 0.33724,
        "nauc_ndcg_at_100_max": 0.459411,
        "nauc_ndcg_at_100_std": -0.415409,
        "nauc_ndcg_at_100_diff1": 0.269094,
        "nauc_ndcg_at_1000_max": 0.445432,
        "nauc_ndcg_at_1000_std": -0.367969,
        "nauc_ndcg_at_1000_diff1": 0.2739,
        "nauc_map_at_1_max": 0.655298,
        "nauc_map_at_1_std": -0.44341,
        "nauc_map_at_1_diff1": 0.586215,
        "nauc_map_at_3_max": 0.579414,
        "nauc_map_at_3_std": -0.442774,
        "nauc_map_at_3_diff1": 0.50872,
        "nauc_map_at_5_max": 0.589841,
        "nauc_map_at_5_std": -0.446046,
        "nauc_map_at_5_diff1": 0.483721,
        "nauc_map_at_10_max": 0.578734,
        "nauc_map_at_10_std": -0.449975,
        "nauc_map_at_10_diff1": 0.454446,
        "nauc_map_at_20_max": 0.565235,
        "nauc_map_at_20_std": -0.449518,
        "nauc_map_at_20_diff1": 0.438707,
        "nauc_map_at_100_max": 0.555377,
        "nauc_map_at_100_std": -0.445098,
        "nauc_map_at_100_diff1": 0.421585,
        "nauc_map_at_1000_max": 0.55486,
        "nauc_map_at_1000_std": -0.442251,
        "nauc_map_at_1000_diff1": 0.421155,
        "nauc_recall_at_1_max": 0.655298,
        "nauc_recall_at_1_std": -0.44341,
        "nauc_recall_at_1_diff1": 0.586215,
        "nauc_recall_at_3_max": 0.535516,
        "nauc_recall_at_3_std": -0.441502,
        "nauc_recall_at_3_diff1": 0.420037,
        "nauc_recall_at_5_max": 0.55487,
        "nauc_recall_at_5_std": -0.447053,
        "nauc_recall_at_5_diff1": 0.381719,
        "nauc_recall_at_10_max": 0.495895,
        "nauc_recall_at_10_std": -0.467579,
        "nauc_recall_at_10_diff1": 0.248636,
        "nauc_recall_at_20_max": 0.396878,
        "nauc_recall_at_20_std": -0.463184,
        "nauc_recall_at_20_diff1": 0.134976,
        "nauc_recall_at_100_max": 0.285859,
        "nauc_recall_at_100_std": -0.339204,
        "nauc_recall_at_100_diff1": 0.049823,
        "nauc_recall_at_1000_max": 0.237306,
        "nauc_recall_at_1000_std": -0.178724,
        "nauc_recall_at_1000_diff1": 0.100951,
        "nauc_precision_at_1_max": 0.674448,
        "nauc_precision_at_1_std": -0.450705,
        "nauc_precision_at_1_diff1": 0.525892,
        "nauc_precision_at_3_max": 0.55487,
        "nauc_precision_at_3_std": -0.447053,
        "nauc_precision_at_3_diff1": 0.381719,
        "nauc_precision_at_5_max": 0.589111,
        "nauc_precision_at_5_std": -0.456874,
        "nauc_precision_at_5_diff1": 0.313925,
        "nauc_precision_at_10_max": 0.527401,
        "nauc_precision_at_10_std": -0.474276,
        "nauc_precision_at_10_diff1": 0.201871,
        "nauc_precision_at_20_max": 0.437705,
        "nauc_precision_at_20_std": -0.469159,
        "nauc_precision_at_20_diff1": 0.098635,
        "nauc_precision_at_100_max": 0.310993,
        "nauc_precision_at_100_std": -0.349349,
        "nauc_precision_at_100_diff1": 0.025741,
        "nauc_precision_at_1000_max": 0.271411,
        "nauc_precision_at_1000_std": -0.20638,
        "nauc_precision_at_1000_diff1": 0.062439,
        "nauc_mrr_at_1_max": 0.674448,
        "nauc_mrr_at_1_std": -0.450705,
        "nauc_mrr_at_1_diff1": 0.525892,
        "nauc_mrr_at_3_max": 0.599765,
        "nauc_mrr_at_3_std": -0.449159,
        "nauc_mrr_at_3_diff1": 0.459931,
        "nauc_mrr_at_5_max": 0.599765,
        "nauc_mrr_at_5_std": -0.449159,
        "nauc_mrr_at_5_diff1": 0.459931,
        "nauc_mrr_at_10_max": 0.588552,
        "nauc_mrr_at_10_std": -0.452883,
        "nauc_mrr_at_10_diff1": 0.43221,
        "nauc_mrr_at_20_max": 0.575847,
        "nauc_mrr_at_20_std": -0.452425,
        "nauc_mrr_at_20_diff1": 0.416429,
        "nauc_mrr_at_100_max": 0.565477,
        "nauc_mrr_at_100_std": -0.447903,
        "nauc_mrr_at_100_diff1": 0.399856,
        "nauc_mrr_at_1000_max": 0.564964,
        "nauc_mrr_at_1000_std": -0.44518,
        "nauc_mrr_at_1000_diff1": 0.399589,
        "main_score": 0.06446,
        "hf_subset": "default",
        "languages": [
          "eng-Latn"
        ]
      }
    ],
    "dev": [
      {
        "ndcg_at_1": 0.125,
        "ndcg_at_3": 0.125,
        "ndcg_at_5": 0.125,
        "ndcg_at_10": 0.125,
        "ndcg_at_20": 0.125,
        "ndcg_at_100": 0.14403,
        "ndcg_at_1000": 0.15709,
        "map_at_1": 0.125,
        "map_at_3": 0.125,
        "map_at_5": 0.125,
        "map_at_10": 0.125,
        "map_at_20": 0.125,
        "map_at_100": 0.12633,
        "map_at_1000": 0.12649,
        "recall_at_1": 0.125,
        "recall_at_3": 0.125,
        "recall_at_5": 0.125,
        "recall_at_10": 0.125,
        "recall_at_20": 0.125,
        "recall_at_100": 0.25,
        "recall_at_1000": 0.375,
        "precision_at_1": 0.125,
        "precision_at_3": 0.04167,
        "precision_at_5": 0.025,
        "precision_at_10": 0.0125,
        "precision_at_20": 0.00625,
        "precision_at_100": 0.0025,
        "precision_at_1000": 0.00038,
        "mrr_at_1": 0.125,
        "mrr_at_3": 0.125,
        "mrr_at_5": 0.125,
        "mrr_at_10": 0.125,
        "mrr_at_20": 0.125,
        "mrr_at_100": 0.12633,
        "mrr_at_1000": 0.126495,
        "nauc_ndcg_at_1_max": 0.1161,
        "nauc_ndcg_at_1_std": -0.541915,
        "nauc_ndcg_at_1_diff1": 1.0,
        "nauc_ndcg_at_3_max": 0.1161,
        "nauc_ndcg_at_3_std": -0.541915,
        "nauc_ndcg_at_3_diff1": 1.0,
        "nauc_ndcg_at_5_max": 0.1161,
        "nauc_ndcg_at_5_std": -0.541915,
        "nauc_ndcg_at_5_diff1": 1.0,
        "nauc_ndcg_at_10_max": 0.1161,
        "nauc_ndcg_at_10_std": -0.541915,
        "nauc_ndcg_at_10_diff1": 1.0,
        "nauc_ndcg_at_20_max": 0.1161,
        "nauc_ndcg_at_20_std": -0.541915,
        "nauc_ndcg_at_20_diff1": 1.0,
        "nauc_ndcg_at_100_max": 0.030355,
        "nauc_ndcg_at_100_std": -0.500415,
        "nauc_ndcg_at_100_diff1": 0.871756,
        "nauc_ndcg_at_1000_max": 0.022528,
        "nauc_ndcg_at_1000_std": -0.429138,
        "nauc_ndcg_at_1000_diff1": 0.873146,
        "nauc_map_at_1_max": 0.1161,
        "nauc_map_at_1_std": -0.541915,
        "nauc_map_at_1_diff1": 1.0,