{
  "dataset_revision": "5d958fb6b31055495347724d46431ba41309b03a",
  "task_name": "ChemNQRetrieval",
  "mteb_version": "1.38.33",
  "scores": {
    "test": [
      {
        "ndcg_at_1": 0.0,
        "ndcg_at_3": 0.03285,
        "ndcg_at_5": 0.03285,
        "ndcg_at_10": 0.03285,
        "ndcg_at_20": 0.03285,
        "ndcg_at_100": 0.0496,
        "ndcg_at_1000": 0.05492,
        "map_at_1": 0.0,
        "map_at_3": 0.0216,
        "map_at_5": 0.0216,
        "map_at_10": 0.0216,
        "map_at_20": 0.0216,
        "map_at_100": 0.02377,
        "map_at_1000": 0.02407,
        "recall_at_1": 0.0,
        "recall_at_3": 0.05556,
        "recall_at_5": 0.05556,
        "recall_at_10": 0.05556,
        "recall_at_20": 0.05556,
        "recall_at_100": 0.14815,
        "recall_at_1000": 0.18519,
        "precision_at_1": 0.0,
        "precision_at_3": 0.02469,
        "precision_at_5": 0.01481,
        "precision_at_10": 0.00741,
        "precision_at_20": 0.0037,
        "precision_at_100": 0.00185,
        "precision_at_1000": 0.00022,
        "mrr_at_1": 0.0,
        "mrr_at_3": 0.030864,
        "mrr_at_5": 0.030864,
        "mrr_at_10": 0.030864,
        "mrr_at_20": 0.030864,
        "mrr_at_100": 0.032331,
        "mrr_at_1000": 0.03263,
        "nauc_ndcg_at_1_max": NaN,
        "nauc_ndcg_at_1_std": NaN,
        "nauc_ndcg_at_1_diff1": NaN,
        "nauc_ndcg_at_3_max": 0.436069,
        "nauc_ndcg_at_3_std": -0.506113,
        "nauc_ndcg_at_3_diff1": -0.374331,
        "nauc_ndcg_at_5_max": 0.436069,
        "nauc_ndcg_at_5_std": -0.506113,
        "nauc_ndcg_at_5_diff1": -0.374331,
        "nauc_ndcg_at_10_max": 0.436069,
        "nauc_ndcg_at_10_std": -0.506113,
        "nauc_ndcg_at_10_diff1": -0.374331,
        "nauc_ndcg_at_20_max": 0.436069,
        "nauc_ndcg_at_20_std": -0.506113,
        "nauc_ndcg_at_20_diff1": -0.374331,
        "nauc_ndcg_at_100_max": 0.57476,
        "nauc_ndcg_at_100_std": -0.516703,
        "nauc_ndcg_at_100_diff1": -0.338925,
        "nauc_ndcg_at_1000_max": 0.526863,
        "nauc_ndcg_at_1000_std": -0.512666,
        "nauc_ndcg_at_1000_diff1": -0.366108,
        "nauc_map_at_1_max": NaN,
        "nauc_map_at_1_std": NaN,
        "nauc_map_at_1_diff1": NaN,
        "nauc_map_at_3_max": 0.440607,
        "nauc_map_at_3_std": -0.507329,
        "nauc_map_at_3_diff1": -0.375066,
        "nauc_map_at_5_max": 0.440607,
        "nauc_map_at_5_std": -0.507329,
        "nauc_map_at_5_diff1": -0.375066,
        "nauc_map_at_10_max": 0.440607,
        "nauc_map_at_10_std": -0.507329,
        "nauc_map_at_10_diff1": -0.375066,
        "nauc_map_at_20_max": 0.440607,
        "nauc_map_at_20_std": -0.507329,
        "nauc_map_at_20_diff1": -0.375066,
        "nauc_map_at_100_max": 0.467418,
        "nauc_map_at_100_std": -0.5088,
        "nauc_map_at_100_diff1": -0.367784,
        "nauc_map_at_1000_max": 0.462535,
        "nauc_map_at_1000_std": -0.508378,
        "nauc_map_at_1000_diff1": -0.370834,
        "nauc_recall_at_1_max": NaN,
        "nauc_recall_at_1_std": NaN,
        "nauc_recall_at_1_diff1": NaN,
        "nauc_recall_at_3_max": 0.4972,
        "nauc_recall_at_3_std": -0.5225,
        "nauc_recall_at_3_diff1": -0.38423,
        "nauc_recall_at_5_max": 0.4972,
        "nauc_recall_at_5_std": -0.5225,
        "nauc_recall_at_5_diff1": -0.38423,
        "nauc_recall_at_10_max": 0.4972,
        "nauc_recall_at_10_std": -0.5225,
        "nauc_recall_at_10_diff1": -0.38423,
        "nauc_recall_at_20_max": 0.4972,
        "nauc_recall_at_20_std": -0.5225,
        "nauc_recall_at_20_diff1": -0.38423,
        "nauc_recall_at_100_max": 0.756731,
        "nauc_recall_at_100_std": -0.53685,
        "nauc_recall_at_100_diff1": -0.303529,
        "nauc_recall_at_1000_max": 0.622056,
        "nauc_recall_at_1000_std": -0.524738,
        "nauc_recall_at_1000_diff1": -0.369211,
        "nauc_precision_at_1_max": NaN,
        "nauc_precision_at_1_std": NaN,
        "nauc_precision_at_1_diff1": NaN,
        "nauc_precision_at_3_max": 0.398163,
        "nauc_precision_at_3_std": -0.495952,
        "nauc_precision_at_3_diff1": -0.368192,
        "nauc_precision_at_5_max": 0.398163,
        "nauc_precision_at_5_std": -0.495952,
        "nauc_precision_at_5_diff1": -0.368192,
        "nauc_precision_at_10_max": 0.398163,
        "nauc_precision_at_10_std": -0.495952,
        "nauc_precision_at_10_diff1": -0.368192,
        "nauc_precision_at_20_max": 0.398163,
        "nauc_precision_at_20_std": -0.495952,
        "nauc_precision_at_20_diff1": -0.368192,
        "nauc_precision_at_100_max": 0.617085,
        "nauc_precision_at_100_std": -0.511177,
        "nauc_precision_at_100_diff1": -0.307053,
        "nauc_precision_at_1000_max": 0.525405,
        "nauc_precision_at_1000_std": -0.504623,
        "nauc_precision_at_1000_diff1": -0.360096,
        "nauc_mrr_at_1_max": NaN,
        "nauc_mrr_at_1_std": NaN,
        "nauc_mrr_at_1_diff1": NaN,
        "nauc_mrr_at_3_max": 0.338741,
        "nauc_mrr_at_3_std": -0.480023,
        "nauc_mrr_at_3_diff1": -0.358569,
        "nauc_mrr_at_5_max": 0.338741,
        "nauc_mrr_at_5_std": -0.480023,
        "nauc_mrr_at_5_diff1": -0.358569,
        "nauc_mrr_at_10_max": 0.338741,
        "nauc_mrr_at_10_std": -0.480023,
        "nauc_mrr_at_10_diff1": -0.358569,
        "nauc_mrr_at_20_max": 0.338741,
        "nauc_mrr_at_20_std": -0.480023,
        "nauc_mrr_at_20_diff1": -0.358569,
        "nauc_mrr_at_100_max": 0.370069,
        "nauc_mrr_at_100_std": -0.484223,
        "nauc_mrr_at_100_diff1": -0.355107,
        "nauc_mrr_at_1000_max": 0.367098,
        "nauc_mrr_at_1000_std": -0.48407,
        "nauc_mrr_at_1000_diff1": -0.357434,
        "main_score": 0.03285,
        "hf_subset": "default",
        "languages": [
          "eng-Latn"
        ]
      }
    ]
  },
  "evaluation_time": 6149.6515436172485,
  "kg_co2_emissions": null
}