{
  "dataset_revision": "d213819e87aab9010628da8b73ab4eb337c89340",
  "task_name": "CodeFeedbackST",
  "mteb_version": "1.38.32",
  "scores": {
    "test": [
      {
        "ndcg_at_1": 0.03178,
        "ndcg_at_3": 0.03967,
        "ndcg_at_5": 0.04226,
        "ndcg_at_10": 0.04547,
        "ndcg_at_20": 0.0482,
        "ndcg_at_100": 0.05395,
        "ndcg_at_1000": 0.06257,
        "map_at_1": 0.03178,
        "map_at_3": 0.03772,
        "map_at_5": 0.03915,
        "map_at_10": 0.04049,
        "map_at_20": 0.04124,
        "map_at_100": 0.04199,
        "map_at_1000": 0.04224,
        "recall_at_1": 0.03178,
        "recall_at_3": 0.04529,
        "recall_at_5": 0.05162,
        "recall_at_10": 0.06152,
        "recall_at_20": 0.07225,
        "recall_at_100": 0.10397,
        "recall_at_1000": 0.17604,
        "precision_at_1": 0.03178,
        "precision_at_3": 0.0151,
        "precision_at_5": 0.01032,
        "precision_at_10": 0.00615,
        "precision_at_20": 0.00361,
        "precision_at_100": 0.00104,
        "precision_at_1000": 0.00018,
        "mrr_at_1": 0.031496,
        "mrr_at_3": 0.03757,
        "mrr_at_5": 0.038998,
        "mrr_at_10": 0.040338,
        "mrr_at_20": 0.041089,
        "mrr_at_100": 0.041837,
        "mrr_at_1000": 0.042089,
        "nauc_ndcg_at_1_max": 0.535702,
        "nauc_ndcg_at_1_std": -0.262227,
        "nauc_ndcg_at_1_diff1": 0.292894,
        "nauc_ndcg_at_3_max": 0.498147,
        "nauc_ndcg_at_3_std": -0.249434,
        "nauc_ndcg_at_3_diff1": 0.214854,
        "nauc_ndcg_at_5_max": 0.487905,
        "nauc_ndcg_at_5_std": -0.246044,
        "nauc_ndcg_at_5_diff1": 0.195026,
        "nauc_ndcg_at_10_max": 0.466368,
        "nauc_ndcg_at_10_std": -0.237175,
        "nauc_ndcg_at_10_diff1": 0.175133,
        "nauc_ndcg_at_20_max": 0.454208,
        "nauc_ndcg_at_20_std": -0.23121,
        "nauc_ndcg_at_20_diff1": 0.157813,
        "nauc_ndcg_at_100_max": 0.425895,
        "nauc_ndcg_at_100_std": -0.215268,
        "nauc_ndcg_at_100_diff1": 0.131796,
        "nauc_ndcg_at_1000_max": 0.397648,
        "nauc_ndcg_at_1000_std": -0.194932,
        "nauc_ndcg_at_1000_diff1": 0.1107,
        "nauc_map_at_1_max": 0.535702,
        "nauc_map_at_1_std": -0.262227,
        "nauc_map_at_1_diff1": 0.292894,
        "nauc_map_at_3_max": 0.506603,
        "nauc_map_at_3_std": -0.252341,
        "nauc_map_at_3_diff1": 0.23118,
        "nauc_map_at_5_max": 0.500169,
        "nauc_map_at_5_std": -0.250184,
        "nauc_map_at_5_diff1": 0.218805,
        "nauc_map_at_10_max": 0.489528,
        "nauc_map_at_10_std": -0.245728,
        "nauc_map_at_10_diff1": 0.208778,
        "nauc_map_at_20_max": 0.485242,
        "nauc_map_at_20_std": -0.243768,
        "nauc_map_at_20_diff1": 0.202616,
        "nauc_map_at_100_max": 0.479905,
        "nauc_map_at_100_std": -0.240823,
        "nauc_map_at_100_diff1": 0.197319,
        "nauc_map_at_1000_max": 0.478628,
        "nauc_map_at_1000_std": -0.239908,
        "nauc_map_at_1000_diff1": 0.196131,
        "nauc_recall_at_1_max": 0.535702,
        "nauc_recall_at_1_std": -0.262227,
        "nauc_recall_at_1_diff1": 0.292894,
        "nauc_recall_at_3_max": 0.477538,
        "nauc_recall_at_3_std": -0.242341,
        "nauc_recall_at_3_diff1": 0.175453,
        "nauc_recall_at_5_max": 0.459678,
        "nauc_recall_at_5_std": -0.236536,
        "nauc_recall_at_5_diff1": 0.140568,
        "nauc_recall_at_10_max": 0.415843,
        "nauc_recall_at_10_std": -0.218481,
        "nauc_recall_at_10_diff1": 0.103946,
        "nauc_recall_at_20_max": 0.391153,
        "nauc_recall_at_20_std": -0.205071,
        "nauc_recall_at_20_diff1": 0.068786,
        "nauc_recall_at_100_max": 0.32865,
        "nauc_recall_at_100_std": -0.167223,
        "nauc_recall_at_100_diff1": 0.021251,
        "nauc_recall_at_1000_max": 0.264432,
        "nauc_recall_at_1000_std": -0.114686,
        "nauc_recall_at_1000_diff1": -0.012618,
        "nauc_precision_at_1_max": 0.535702,
        "nauc_precision_at_1_std": -0.262227,
        "nauc_precision_at_1_diff1": 0.292894,
        "nauc_precision_at_3_max": 0.477538,
        "nauc_precision_at_3_std": -0.242341,
        "nauc_precision_at_3_diff1": 0.175453,
        "nauc_precision_at_5_max": 0.459678,
        "nauc_precision_at_5_std": -0.236536,
        "nauc_precision_at_5_diff1": 0.140568,
        "nauc_precision_at_10_max": 0.415843,
        "nauc_precision_at_10_std": -0.218481,
        "nauc_precision_at_10_diff1": 0.103946,
        "nauc_precision_at_20_max": 0.391153,
        "nauc_precision_at_20_std": -0.205071,
        "nauc_precision_at_20_diff1": 0.068786,
        "nauc_precision_at_100_max": 0.32865,
        "nauc_precision_at_100_std": -0.167223,
        "nauc_precision_at_100_diff1": 0.021251,
        "nauc_precision_at_1000_max": 0.264432,
        "nauc_precision_at_1000_std": -0.114686,
        "nauc_precision_at_1000_diff1": -0.012618,
        "nauc_mrr_at_1_max": 0.535084,
        "nauc_mrr_at_1_std": -0.262797,
        "nauc_mrr_at_1_diff1": 0.300814,
        "nauc_mrr_at_3_max": 0.505743,
        "nauc_mrr_at_3_std": -0.252063,
        "nauc_mrr_at_3_diff1": 0.234269,
        "nauc_mrr_at_5_max": 0.499507,
        "nauc_mrr_at_5_std": -0.250191,
        "nauc_mrr_at_5_diff1": 0.221811,
        "nauc_mrr_at_10_max": 0.488942,
        "nauc_mrr_at_10_std": -0.245729,
        "nauc_mrr_at_10_diff1": 0.211577,
        "nauc_mrr_at_20_max": 0.484653,
        "nauc_mrr_at_20_std": -0.243772,
        "nauc_mrr_at_20_diff1": 0.205326,
        "nauc_mrr_at_100_max": 0.479306,
        "nauc_mrr_at_100_std": -0.240816,
        "nauc_mrr_at_100_diff1": 0.199962,
        "nauc_mrr_at_1000_max": 0.478026,
        "nauc_mrr_at_1000_std": -0.239897,
        "nauc_mrr_at_1000_diff1": 0.198758,
        "main_score": 0.04547,
        "hf_subset": "default",
        "languages": [
          "eng-Latn"
        ]
      }
    ]
  },
  "evaluation_time": 23353.62023448944,
  "kg_co2_emissions": null
}