{
  "dataset_revision": "b0f12fa0c0dd67f59c95a5c33d02aeeb4c398c5f",
  "task_name": "CodeFeedbackMT",
  "mteb_version": "1.38.32",
  "scores": {
    "test": [
      {
        "ndcg_at_1": 0.07984,
        "ndcg_at_3": 0.10036,
        "ndcg_at_5": 0.10792,
        "ndcg_at_10": 0.11535,
        "ndcg_at_20": 0.12206,
        "ndcg_at_100": 0.1366,
        "ndcg_at_1000": 0.15384,
        "map_at_1": 0.07984,
        "map_at_3": 0.09523,
        "map_at_5": 0.09944,
        "map_at_10": 0.10254,
        "map_at_20": 0.10436,
        "map_at_100": 0.10624,
        "map_at_1000": 0.10677,
        "recall_at_1": 0.07984,
        "recall_at_3": 0.11524,
        "recall_at_5": 0.13354,
        "recall_at_10": 0.15636,
        "recall_at_20": 0.18295,
        "recall_at_100": 0.26339,
        "recall_at_1000": 0.40649,
        "precision_at_1": 0.07984,
        "precision_at_3": 0.03841,
        "precision_at_5": 0.02671,
        "precision_at_10": 0.01564,
        "precision_at_20": 0.00915,
        "precision_at_100": 0.00263,
        "precision_at_1000": 0.00041,
        "mrr_at_1": 0.079837,
        "mrr_at_3": 0.095227,
        "mrr_at_5": 0.099438,
        "mrr_at_10": 0.102536,
        "mrr_at_20": 0.104365,
        "mrr_at_100": 0.10624,
        "mrr_at_1000": 0.106765,
        "nauc_ndcg_at_1_max": 0.255246,
        "nauc_ndcg_at_1_std": -0.045931,
        "nauc_ndcg_at_1_diff1": 0.434538,
        "nauc_ndcg_at_3_max": 0.230578,
        "nauc_ndcg_at_3_std": -0.036858,
        "nauc_ndcg_at_3_diff1": 0.344261,
        "nauc_ndcg_at_5_max": 0.225141,
        "nauc_ndcg_at_5_std": -0.038191,
        "nauc_ndcg_at_5_diff1": 0.324079,
        "nauc_ndcg_at_10_max": 0.216707,
        "nauc_ndcg_at_10_std": -0.034131,
        "nauc_ndcg_at_10_diff1": 0.306757,
        "nauc_ndcg_at_20_max": 0.211002,
        "nauc_ndcg_at_20_std": -0.029772,
        "nauc_ndcg_at_20_diff1": 0.292346,
        "nauc_ndcg_at_100_max": 0.20341,
        "nauc_ndcg_at_100_std": -0.022811,
        "nauc_ndcg_at_100_diff1": 0.27142,
        "nauc_ndcg_at_1000_max": 0.200095,
        "nauc_ndcg_at_1000_std": -0.015742,
        "nauc_ndcg_at_1000_diff1": 0.257904,
        "nauc_map_at_1_max": 0.255246,
        "nauc_map_at_1_std": -0.045931,
        "nauc_map_at_1_diff1": 0.434538,
        "nauc_map_at_3_max": 0.235677,
        "nauc_map_at_3_std": -0.039013,
        "nauc_map_at_3_diff1": 0.362594,
        "nauc_map_at_5_max": 0.232316,
        "nauc_map_at_5_std": -0.039737,
        "nauc_map_at_5_diff1": 0.350137,
        "nauc_map_at_10_max": 0.228306,
        "nauc_map_at_10_std": -0.037818,
        "nauc_map_at_10_diff1": 0.341741,
        "nauc_map_at_20_max": 0.226501,
        "nauc_map_at_20_std": -0.036503,
        "nauc_map_at_20_diff1": 0.336894,
        "nauc_map_at_100_max": 0.225039,
        "nauc_map_at_100_std": -0.035534,
        "nauc_map_at_100_diff1": 0.333126,
        "nauc_map_at_1000_max": 0.224871,
        "nauc_map_at_1000_std": -0.035272,
        "nauc_map_at_1000_diff1": 0.332484,
        "nauc_recall_at_1_max": 0.255246,
        "nauc_recall_at_1_std": -0.045931,
        "nauc_recall_at_1_diff1": 0.434538,
        "nauc_recall_at_3_max": 0.218084,
        "nauc_recall_at_3_std": -0.03148,
        "nauc_recall_at_3_diff1": 0.299453,
        "nauc_recall_at_5_max": 0.208201,
        "nauc_recall_at_5_std": -0.034743,
        "nauc_recall_at_5_diff1": 0.262607,
        "nauc_recall_at_10_max": 0.189808,
        "nauc_recall_at_10_std": -0.025483,
        "nauc_recall_at_10_diff1": 0.227468,
        "nauc_recall_at_20_max": 0.176051,
        "nauc_recall_at_20_std": -0.013614,
        "nauc_recall_at_20_diff1": 0.195064,
        "nauc_recall_at_100_max": 0.15669,
        "nauc_recall_at_100_std": 0.008974,
        "nauc_recall_at_100_diff1": 0.140224,
        "nauc_recall_at_1000_max": 0.145988,
        "nauc_recall_at_1000_std": 0.04006,
        "nauc_recall_at_1000_diff1": 0.090815,
        "nauc_precision_at_1_max": 0.255246,
        "nauc_precision_at_1_std": -0.045931,
        "nauc_precision_at_1_diff1": 0.434538,
        "nauc_precision_at_3_max": 0.218084,
        "nauc_precision_at_3_std": -0.03148,
        "nauc_precision_at_3_diff1": 0.299453,
        "nauc_precision_at_5_max": 0.208201,
        "nauc_precision_at_5_std": -0.034743,
        "nauc_precision_at_5_diff1": 0.262607,
        "nauc_precision_at_10_max": 0.189808,
        "nauc_precision_at_10_std": -0.025483,
        "nauc_precision_at_10_diff1": 0.227468,
        "nauc_precision_at_20_max": 0.176051,
        "nauc_precision_at_20_std": -0.013614,
        "nauc_precision_at_20_diff1": 0.195064,
        "nauc_precision_at_100_max": 0.15669,
        "nauc_precision_at_100_std": 0.008974,
        "nauc_precision_at_100_diff1": 0.140224,
        "nauc_precision_at_1000_max": 0.145988,
        "nauc_precision_at_1000_std": 0.04006,
        "nauc_precision_at_1000_diff1": 0.090815,
        "nauc_mrr_at_1_max": 0.255246,
        "nauc_mrr_at_1_std": -0.045931,
        "nauc_mrr_at_1_diff1": 0.434538,
        "nauc_mrr_at_3_max": 0.235677,
        "nauc_mrr_at_3_std": -0.039013,
        "nauc_mrr_at_3_diff1": 0.362594,
        "nauc_mrr_at_5_max": 0.232316,
        "nauc_mrr_at_5_std": -0.039737,
        "nauc_mrr_at_5_diff1": 0.350137,
        "nauc_mrr_at_10_max": 0.228306,
        "nauc_mrr_at_10_std": -0.037818,
        "nauc_mrr_at_10_diff1": 0.341741,
        "nauc_mrr_at_20_max": 0.226501,
        "nauc_mrr_at_20_std": -0.036503,
        "nauc_mrr_at_20_diff1": 0.336894,
        "nauc_mrr_at_100_max": 0.225039,
        "nauc_mrr_at_100_std": -0.035534,
        "nauc_mrr_at_100_diff1": 0.333126,
        "nauc_mrr_at_1000_max": 0.224871,
        "nauc_mrr_at_1000_std": -0.035272,
        "nauc_mrr_at_1000_diff1": 0.332484,
        "main_score": 0.11535,
        "hf_subset": "default",
        "languages": [
          "eng-Latn"
        ]
      }
    ]
  },
  "evaluation_time": 10529.833711147308,
  "kg_co2_emissions": null
}