{
  "dataset_revision": "d213819e87aab9010628da8b73ab4eb337c89340",
  "task_name": "CodeFeedbackST",
  "mteb_version": "1.38.30",
  "scores": {
    "test": [
      {
        "ndcg_at_1": 0.03166,
        "ndcg_at_3": 0.03962,
        "ndcg_at_5": 0.04221,
        "ndcg_at_10": 0.04543,
        "ndcg_at_20": 0.04815,
        "ndcg_at_100": 0.05391,
        "ndcg_at_1000": 0.06252,
        "map_at_1": 0.03166,
        "map_at_3": 0.03766,
        "map_at_5": 0.03909,
        "map_at_10": 0.04043,
        "map_at_20": 0.04118,
        "map_at_100": 0.04193,
        "map_at_1000": 0.04218,
        "recall_at_1": 0.03166,
        "recall_at_3": 0.04529,
        "recall_at_5": 0.05162,
        "recall_at_10": 0.06152,
        "recall_at_20": 0.07225,
        "recall_at_100": 0.10397,
        "recall_at_1000": 0.17604,
        "precision_at_1": 0.03166,
        "precision_at_3": 0.0151,
        "precision_at_5": 0.01032,
        "precision_at_10": 0.00615,
        "precision_at_20": 0.00361,
        "precision_at_100": 0.00104,
        "precision_at_1000": 0.00018,
        "mrr_at_1": 0.031687,
        "mrr_at_3": 0.037671,
        "mrr_at_5": 0.039101,
        "mrr_at_10": 0.040438,
        "mrr_at_20": 0.04119,
        "mrr_at_100": 0.041937,
        "mrr_at_1000": 0.042189,
        "nauc_ndcg_at_1_max": 0.53326,
        "nauc_ndcg_at_1_std": -0.260783,
        "nauc_ndcg_at_1_diff1": 0.296396,
        "nauc_ndcg_at_3_max": 0.497145,
        "nauc_ndcg_at_3_std": -0.24899,
        "nauc_ndcg_at_3_diff1": 0.215692,
        "nauc_ndcg_at_5_max": 0.487433,
        "nauc_ndcg_at_5_std": -0.245711,
        "nauc_ndcg_at_5_diff1": 0.195863,
        "nauc_ndcg_at_10_max": 0.465707,
        "nauc_ndcg_at_10_std": -0.236813,
        "nauc_ndcg_at_10_diff1": 0.175772,
        "nauc_ndcg_at_20_max": 0.453561,
        "nauc_ndcg_at_20_std": -0.230856,
        "nauc_ndcg_at_20_diff1": 0.158403,
        "nauc_ndcg_at_100_max": 0.425286,
        "nauc_ndcg_at_100_std": -0.214934,
        "nauc_ndcg_at_100_diff1": 0.132304,
        "nauc_ndcg_at_1000_max": 0.397076,
        "nauc_ndcg_at_1000_std": -0.194614,
        "nauc_ndcg_at_1000_diff1": 0.111127,
        "nauc_map_at_1_max": 0.53326,
        "nauc_map_at_1_std": -0.260783,
        "nauc_map_at_1_diff1": 0.296396,
        "nauc_map_at_3_max": 0.505384,
        "nauc_map_at_3_std": -0.251732,
        "nauc_map_at_3_diff1": 0.23237,
        "nauc_map_at_5_max": 0.499271,
        "nauc_map_at_5_std": -0.249652,
        "nauc_map_at_5_diff1": 0.21995,
        "nauc_map_at_10_max": 0.488548,
        "nauc_map_at_10_std": -0.245184,
        "nauc_map_at_10_diff1": 0.209814,
        "nauc_map_at_20_max": 0.484261,
        "nauc_map_at_20_std": -0.243224,
        "nauc_map_at_20_diff1": 0.203626,
        "nauc_map_at_100_max": 0.478929,
        "nauc_map_at_100_std": -0.240281,
        "nauc_map_at_100_diff1": 0.198304,
        "nauc_map_at_1000_max": 0.477654,
        "nauc_map_at_1000_std": -0.239366,
        "nauc_map_at_1000_diff1": 0.197109,
        "nauc_recall_at_1_max": 0.53326,
        "nauc_recall_at_1_std": -0.260783,
        "nauc_recall_at_1_diff1": 0.296396,
        "nauc_recall_at_3_max": 0.477061,
        "nauc_recall_at_3_std": -0.242288,
        "nauc_recall_at_3_diff1": 0.175566,
        "nauc_recall_at_5_max": 0.460215,
        "nauc_recall_at_5_std": -0.236648,
        "nauc_recall_at_5_diff1": 0.140886,
        "nauc_recall_at_10_max": 0.415843,
        "nauc_recall_at_10_std": -0.218481,
        "nauc_recall_at_10_diff1": 0.103946,
        "nauc_recall_at_20_max": 0.391153,
        "nauc_recall_at_20_std": -0.205071,
        "nauc_recall_at_20_diff1": 0.068786,
        "nauc_recall_at_100_max": 0.32865,
        "nauc_recall_at_100_std": -0.167223,
        "nauc_recall_at_100_diff1": 0.021251,
        "nauc_recall_at_1000_max": 0.264432,
        "nauc_recall_at_1000_std": -0.114686,
        "nauc_recall_at_1000_diff1": -0.012666,
        "nauc_precision_at_1_max": 0.53326,
        "nauc_precision_at_1_std": -0.260783,
        "nauc_precision_at_1_diff1": 0.296396,
        "nauc_precision_at_3_max": 0.477061,
        "nauc_precision_at_3_std": -0.242288,
        "nauc_precision_at_3_diff1": 0.175566,
        "nauc_precision_at_5_max": 0.460215,
        "nauc_precision_at_5_std": -0.236648,
        "nauc_precision_at_5_diff1": 0.140886,
        "nauc_precision_at_10_max": 0.415843,
        "nauc_precision_at_10_std": -0.218481,
        "nauc_precision_at_10_diff1": 0.103946,
        "nauc_precision_at_20_max": 0.391153,
        "nauc_precision_at_20_std": -0.205071,
        "nauc_precision_at_20_diff1": 0.068786,
        "nauc_precision_at_100_max": 0.32865,
        "nauc_precision_at_100_std": -0.167223,
        "nauc_precision_at_100_diff1": 0.021251,
        "nauc_precision_at_1000_max": 0.264432,
        "nauc_precision_at_1000_std": -0.114686,
        "nauc_precision_at_1000_diff1": -0.012666,
        "nauc_mrr_at_1_max": 0.534298,
        "nauc_mrr_at_1_std": -0.260898,
        "nauc_mrr_at_1_diff1": 0.295518,
        "nauc_mrr_at_3_max": 0.505317,
        "nauc_mrr_at_3_std": -0.251324,
        "nauc_mrr_at_3_diff1": 0.231824,
        "nauc_mrr_at_5_max": 0.499324,
        "nauc_mrr_at_5_std": -0.249495,
        "nauc_mrr_at_5_diff1": 0.219781,
        "nauc_mrr_at_10_max": 0.488602,
        "nauc_mrr_at_10_std": -0.245028,
        "nauc_mrr_at_10_diff1": 0.209627,
        "nauc_mrr_at_20_max": 0.484317,
        "nauc_mrr_at_20_std": -0.24307,
        "nauc_mrr_at_20_diff1": 0.203445,
        "nauc_mrr_at_100_max": 0.478985,
        "nauc_mrr_at_100_std": -0.240131,
        "nauc_mrr_at_100_diff1": 0.198129,
        "nauc_mrr_at_1000_max": 0.47771,
        "nauc_mrr_at_1000_std": -0.239217,
        "nauc_mrr_at_1000_diff1": 0.196935,
        "main_score": 0.04543,
        "hf_subset": "default",
        "languages": [
          "eng-Latn"
        ]
      }
    ]
  },
  "evaluation_time": 66715.63343071938,
  "kg_co2_emissions": null
}