{
  "dataset_revision": "160c094312a0e1facb97e55eeddb698c0abe3571",
  "task_name": "CQADupstackWebmastersRetrieval",
  "mteb_version": "1.38.30",
  "scores": {
    "test": [
      {
        "ndcg_at_1": 0.00988,
        "ndcg_at_3": 0.01227,
        "ndcg_at_5": 0.01254,
        "ndcg_at_10": 0.01317,
        "ndcg_at_20": 0.01492,
        "ndcg_at_100": 0.02296,
        "ndcg_at_1000": 0.04145,
        "map_at_1": 0.00758,
        "map_at_3": 0.01067,
        "map_at_5": 0.01084,
        "map_at_10": 0.01108,
        "map_at_20": 0.01148,
        "map_at_100": 0.0124,
        "map_at_1000": 0.01287,
        "recall_at_1": 0.00758,
        "recall_at_3": 0.0139,
        "recall_at_5": 0.01456,
        "recall_at_10": 0.01653,
        "recall_at_20": 0.02215,
        "recall_at_100": 0.06634,
        "recall_at_1000": 0.2083,
        "precision_at_1": 0.00988,
        "precision_at_3": 0.00593,
        "precision_at_5": 0.00395,
        "precision_at_10": 0.00217,
        "precision_at_20": 0.00178,
        "precision_at_100": 0.00099,
        "precision_at_1000": 0.00047,
        "mrr_at_1": 0.009881,
        "mrr_at_3": 0.013505,
        "mrr_at_5": 0.013999,
        "mrr_at_10": 0.014246,
        "mrr_at_20": 0.014997,
        "mrr_at_100": 0.016149,
        "mrr_at_1000": 0.016735,
        "nauc_ndcg_at_1_max": 0.359829,
        "nauc_ndcg_at_1_std": -0.408922,
        "nauc_ndcg_at_1_diff1": 0.290313,
        "nauc_ndcg_at_3_max": 0.256211,
        "nauc_ndcg_at_3_std": -0.323601,
        "nauc_ndcg_at_3_diff1": 0.237165,
        "nauc_ndcg_at_5_max": 0.266142,
        "nauc_ndcg_at_5_std": -0.333183,
        "nauc_ndcg_at_5_diff1": 0.215225,
        "nauc_ndcg_at_10_max": 0.233848,
        "nauc_ndcg_at_10_std": -0.341107,
        "nauc_ndcg_at_10_diff1": 0.189927,
        "nauc_ndcg_at_20_max": 0.239336,
        "nauc_ndcg_at_20_std": -0.328053,
        "nauc_ndcg_at_20_diff1": 0.184531,
        "nauc_ndcg_at_100_max": 0.19386,
        "nauc_ndcg_at_100_std": -0.284784,
        "nauc_ndcg_at_100_diff1": 0.047382,
        "nauc_ndcg_at_1000_max": 0.13369,
        "nauc_ndcg_at_1000_std": -0.200465,
        "nauc_ndcg_at_1000_diff1": 0.041265,
        "nauc_map_at_1_max": 0.462894,
        "nauc_map_at_1_std": -0.358107,
        "nauc_map_at_1_diff1": 0.378074,
        "nauc_map_at_3_max": 0.311468,
        "nauc_map_at_3_std": -0.333777,
        "nauc_map_at_3_diff1": 0.249512,
        "nauc_map_at_5_max": 0.311666,
        "nauc_map_at_5_std": -0.335025,
        "nauc_map_at_5_diff1": 0.242585,
        "nauc_map_at_10_max": 0.29545,
        "nauc_map_at_10_std": -0.338714,
        "nauc_map_at_10_diff1": 0.230067,
        "nauc_map_at_20_max": 0.295003,
        "nauc_map_at_20_std": -0.338269,
        "nauc_map_at_20_diff1": 0.225194,
        "nauc_map_at_100_max": 0.285441,
        "nauc_map_at_100_std": -0.333728,
        "nauc_map_at_100_diff1": 0.18898,
        "nauc_map_at_1000_max": 0.278316,
        "nauc_map_at_1000_std": -0.325334,
        "nauc_map_at_1000_diff1": 0.185907,
        "nauc_recall_at_1_max": 0.462894,
        "nauc_recall_at_1_std": -0.358107,
        "nauc_recall_at_1_diff1": 0.378074,
        "nauc_recall_at_3_max": 0.22124,
        "nauc_recall_at_3_std": -0.314277,
        "nauc_recall_at_3_diff1": 0.186556,
        "nauc_recall_at_5_max": 0.225911,
        "nauc_recall_at_5_std": -0.318875,
        "nauc_recall_at_5_diff1": 0.16878,
        "nauc_recall_at_10_max": 0.149202,
        "nauc_recall_at_10_std": -0.340588,
        "nauc_recall_at_10_diff1": 0.110474,
        "nauc_recall_at_20_max": 0.209155,
        "nauc_recall_at_20_std": -0.329632,
        "nauc_recall_at_20_diff1": 0.10743,
        "nauc_recall_at_100_max": 0.139452,
        "nauc_recall_at_100_std": -0.24535,
        "nauc_recall_at_100_diff1": -0.093232,
        "nauc_recall_at_1000_max": 0.069548,
        "nauc_recall_at_1000_std": -0.129329,
        "nauc_recall_at_1000_diff1": -0.033829,
        "nauc_precision_at_1_max": 0.359829,
        "nauc_precision_at_1_std": -0.408922,
        "nauc_precision_at_1_diff1": 0.290313,
        "nauc_precision_at_3_max": 0.131149,
        "nauc_precision_at_3_std": -0.291411,
        "nauc_precision_at_3_diff1": 0.234932,
        "nauc_precision_at_5_max": 0.150482,
        "nauc_precision_at_5_std": -0.303859,
        "nauc_precision_at_5_diff1": 0.190811,
        "nauc_precision_at_10_max": 0.098993,
        "nauc_precision_at_10_std": -0.321739,
        "nauc_precision_at_10_diff1": 0.14446,
        "nauc_precision_at_20_max": 0.100608,
        "nauc_precision_at_20_std": -0.225797,
        "nauc_precision_at_20_diff1": 0.181101,
        "nauc_precision_at_100_max": 0.045651,
        "nauc_precision_at_100_std": -0.093552,
        "nauc_precision_at_100_diff1": 0.023708,
        "nauc_precision_at_1000_max": 0.041516,
        "nauc_precision_at_1000_std": 0.119999,
        "nauc_precision_at_1000_diff1": 0.2485,
        "nauc_mrr_at_1_max": 0.359829,
        "nauc_mrr_at_1_std": -0.408922,
        "nauc_mrr_at_1_diff1": 0.290313,
        "nauc_mrr_at_3_max": 0.230219,
        "nauc_mrr_at_3_std": -0.349424,
        "nauc_mrr_at_3_diff1": 0.236533,
        "nauc_mrr_at_5_max": 0.233546,
        "nauc_mrr_at_5_std": -0.35177,
        "nauc_mrr_at_5_diff1": 0.220905,
        "nauc_mrr_at_10_max": 0.222284,
        "nauc_mrr_at_10_std": -0.35435,
        "nauc_mrr_at_10_diff1": 0.211541,
        "nauc_mrr_at_20_max": 0.21865,
        "nauc_mrr_at_20_std": -0.334802,
        "nauc_mrr_at_20_diff1": 0.217286,
        "nauc_mrr_at_100_max": 0.209797,
        "nauc_mrr_at_100_std": -0.322326,
        "nauc_mrr_at_100_diff1": 0.187214,
        "nauc_mrr_at_1000_max": 0.206845,
        "nauc_mrr_at_1000_std": -0.316126,
        "nauc_mrr_at_1000_diff1": 0.183205,
        "main_score": 0.01317,
        "hf_subset": "default",
        "languages": [
          "eng-Latn"
        ]
      }
    ]
  },
  "evaluation_time": 3335.606418132782,
  "kg_co2_emissions": null
}