{
  "dataset_revision": "79531abbd1fb92d06c6d6315a0cbbbf5bb247ea4",
  "task_name": "CQADupstackPhysicsRetrieval",
  "mteb_version": "1.38.30",
  "scores": {
    "test": [
      {
        "ndcg_at_1": 0.01251,
        "ndcg_at_3": 0.01509,
        "ndcg_at_5": 0.01589,
        "ndcg_at_10": 0.01704,
        "ndcg_at_20": 0.01926,
        "ndcg_at_100": 0.0255,
        "ndcg_at_1000": 0.0439,
        "map_at_1": 0.00941,
        "map_at_3": 0.01276,
        "map_at_5": 0.01336,
        "map_at_10": 0.01388,
        "map_at_20": 0.01443,
        "map_at_100": 0.01515,
        "map_at_1000": 0.01562,
        "recall_at_1": 0.00941,
        "recall_at_3": 0.01675,
        "recall_at_5": 0.01916,
        "recall_at_10": 0.02268,
        "recall_at_20": 0.03106,
        "recall_at_100": 0.06212,
        "recall_at_1000": 0.20003,
        "precision_at_1": 0.01251,
        "precision_at_3": 0.00738,
        "precision_at_5": 0.005,
        "precision_at_10": 0.00308,
        "precision_at_20": 0.00212,
        "precision_at_100": 0.00099,
        "precision_at_1000": 0.00036,
        "mrr_at_1": 0.012512,
        "mrr_at_3": 0.017004,
        "mrr_at_5": 0.017725,
        "mrr_at_10": 0.018589,
        "mrr_at_20": 0.019357,
        "mrr_at_100": 0.020357,
        "mrr_at_1000": 0.020954,
        "nauc_ndcg_at_1_max": 0.114761,
        "nauc_ndcg_at_1_std": -0.439536,
        "nauc_ndcg_at_1_diff1": -0.037261,
        "nauc_ndcg_at_3_max": 0.277726,
        "nauc_ndcg_at_3_std": -0.446691,
        "nauc_ndcg_at_3_diff1": -0.090419,
        "nauc_ndcg_at_5_max": 0.233948,
        "nauc_ndcg_at_5_std": -0.452622,
        "nauc_ndcg_at_5_diff1": -0.090582,
        "nauc_ndcg_at_10_max": 0.233138,
        "nauc_ndcg_at_10_std": -0.44429,
        "nauc_ndcg_at_10_diff1": -0.103542,
        "nauc_ndcg_at_20_max": 0.227774,
        "nauc_ndcg_at_20_std": -0.409197,
        "nauc_ndcg_at_20_diff1": -0.111963,
        "nauc_ndcg_at_100_max": 0.248535,
        "nauc_ndcg_at_100_std": -0.378974,
        "nauc_ndcg_at_100_diff1": -0.109417,
        "nauc_ndcg_at_1000_max": 0.20398,
        "nauc_ndcg_at_1000_std": -0.286425,
        "nauc_ndcg_at_1000_diff1": -0.077569,
        "nauc_map_at_1_max": 0.183131,
        "nauc_map_at_1_std": -0.451145,
        "nauc_map_at_1_diff1": -0.057438,
        "nauc_map_at_3_max": 0.272357,
        "nauc_map_at_3_std": -0.464159,
        "nauc_map_at_3_diff1": -0.09546,
        "nauc_map_at_5_max": 0.243161,
        "nauc_map_at_5_std": -0.462724,
        "nauc_map_at_5_diff1": -0.093936,
        "nauc_map_at_10_max": 0.239959,
        "nauc_map_at_10_std": -0.45724,
        "nauc_map_at_10_diff1": -0.101139,
        "nauc_map_at_20_max": 0.239847,
        "nauc_map_at_20_std": -0.446344,
        "nauc_map_at_20_diff1": -0.104161,
        "nauc_map_at_100_max": 0.245229,
        "nauc_map_at_100_std": -0.441586,
        "nauc_map_at_100_diff1": -0.107024,
        "nauc_map_at_1000_max": 0.240067,
        "nauc_map_at_1000_std": -0.433066,
        "nauc_map_at_1000_diff1": -0.103678,
        "nauc_recall_at_1_max": 0.183131,
        "nauc_recall_at_1_std": -0.451145,
        "nauc_recall_at_1_diff1": -0.057438,
        "nauc_recall_at_3_max": 0.310305,
        "nauc_recall_at_3_std": -0.470809,
        "nauc_recall_at_3_diff1": -0.114916,
        "nauc_recall_at_5_max": 0.224083,
        "nauc_recall_at_5_std": -0.46597,
        "nauc_recall_at_5_diff1": -0.108219,
        "nauc_recall_at_10_max": 0.226253,
        "nauc_recall_at_10_std": -0.446036,
        "nauc_recall_at_10_diff1": -0.134767,
        "nauc_recall_at_20_max": 0.21944,
        "nauc_recall_at_20_std": -0.365009,
        "nauc_recall_at_20_diff1": -0.146033,
        "nauc_recall_at_100_max": 0.265293,
        "nauc_recall_at_100_std": -0.323453,
        "nauc_recall_at_100_diff1": -0.110529,
        "nauc_recall_at_1000_max": 0.178656,
        "nauc_recall_at_1000_std": -0.189581,
        "nauc_recall_at_1000_diff1": -0.057049,
        "nauc_precision_at_1_max": 0.114761,
        "nauc_precision_at_1_std": -0.439536,
        "nauc_precision_at_1_diff1": -0.037261,
        "nauc_precision_at_3_max": 0.312204,
        "nauc_precision_at_3_std": -0.419771,
        "nauc_precision_at_3_diff1": -0.080357,
        "nauc_precision_at_5_max": 0.233887,
        "nauc_precision_at_5_std": -0.422517,
        "nauc_precision_at_5_diff1": -0.083136,
        "nauc_precision_at_10_max": 0.226471,
        "nauc_precision_at_10_std": -0.381507,
        "nauc_precision_at_10_diff1": -0.094777,
        "nauc_precision_at_20_max": 0.187373,
        "nauc_precision_at_20_std": -0.295384,
        "nauc_precision_at_20_diff1": -0.114486,
        "nauc_precision_at_100_max": 0.217175,
        "nauc_precision_at_100_std": -0.253561,
        "nauc_precision_at_100_diff1": -0.104369,
        "nauc_precision_at_1000_max": 0.113878,
        "nauc_precision_at_1000_std": -0.086036,
        "nauc_precision_at_1000_diff1": -0.011431,
        "nauc_mrr_at_1_max": 0.114761,
        "nauc_mrr_at_1_std": -0.439536,
        "nauc_mrr_at_1_diff1": -0.037261,
        "nauc_mrr_at_3_max": 0.246312,
        "nauc_mrr_at_3_std": -0.426531,
        "nauc_mrr_at_3_diff1": -0.065155,
        "nauc_mrr_at_5_max": 0.221354,
        "nauc_mrr_at_5_std": -0.427225,
        "nauc_mrr_at_5_diff1": -0.066755,
        "nauc_mrr_at_10_max": 0.217463,
        "nauc_mrr_at_10_std": -0.416067,
        "nauc_mrr_at_10_diff1": -0.071098,
        "nauc_mrr_at_20_max": 0.212896,
        "nauc_mrr_at_20_std": -0.402309,
        "nauc_mrr_at_20_diff1": -0.075225,
        "nauc_mrr_at_100_max": 0.21899,
        "nauc_mrr_at_100_std": -0.395825,
        "nauc_mrr_at_100_diff1": -0.078042,
        "nauc_mrr_at_1000_max": 0.214578,
        "nauc_mrr_at_1000_std": -0.388121,
        "nauc_mrr_at_1000_diff1": -0.075647,
        "main_score": 0.01704,
        "hf_subset": "default",
        "languages": [
          "eng-Latn"
        ]
      }
    ]
  },
  "evaluation_time": 9165.606754302979,
  "kg_co2_emissions": null
}