{
  "dataset_revision": "ad9991cb51e31e31e430383c75ffb2885547b5f0",
  "task_name": "CQADupstackEnglishRetrieval",
  "mteb_version": "1.38.30",
  "scores": {
    "test": [
      {
        "ndcg_at_1": 0.0051,
        "ndcg_at_3": 0.00678,
        "ndcg_at_5": 0.00799,
        "ndcg_at_10": 0.00898,
        "ndcg_at_20": 0.0099,
        "ndcg_at_100": 0.0144,
        "ndcg_at_1000": 0.02616,
        "map_at_1": 0.00361,
        "map_at_3": 0.00531,
        "map_at_5": 0.00601,
        "map_at_10": 0.00642,
        "map_at_20": 0.00663,
        "map_at_100": 0.00717,
        "map_at_1000": 0.00747,
        "recall_at_1": 0.00361,
        "recall_at_3": 0.00764,
        "recall_at_5": 0.01059,
        "recall_at_10": 0.01336,
        "recall_at_20": 0.01712,
        "recall_at_100": 0.04061,
        "recall_at_1000": 0.12666,
        "precision_at_1": 0.0051,
        "precision_at_3": 0.00382,
        "precision_at_5": 0.00331,
        "precision_at_10": 0.00223,
        "precision_at_20": 0.0015,
        "precision_at_100": 0.0007,
        "precision_at_1000": 0.00027,
        "mrr_at_1": 0.005096,
        "mrr_at_3": 0.007749,
        "mrr_at_5": 0.008896,
        "mrr_at_10": 0.0096,
        "mrr_at_20": 0.009936,
        "mrr_at_100": 0.010669,
        "mrr_at_1000": 0.01106,
        "nauc_ndcg_at_1_max": 0.243561,
        "nauc_ndcg_at_1_std": -0.366649,
        "nauc_ndcg_at_1_diff1": 0.267776,
        "nauc_ndcg_at_3_max": 0.134372,
        "nauc_ndcg_at_3_std": -0.336973,
        "nauc_ndcg_at_3_diff1": 0.284755,
        "nauc_ndcg_at_5_max": 0.097119,
        "nauc_ndcg_at_5_std": -0.291316,
        "nauc_ndcg_at_5_diff1": 0.192818,
        "nauc_ndcg_at_10_max": 0.095333,
        "nauc_ndcg_at_10_std": -0.287921,
        "nauc_ndcg_at_10_diff1": 0.190167,
        "nauc_ndcg_at_20_max": 0.08843,
        "nauc_ndcg_at_20_std": -0.28727,
        "nauc_ndcg_at_20_diff1": 0.156425,
        "nauc_ndcg_at_100_max": 0.115662,
        "nauc_ndcg_at_100_std": -0.289615,
        "nauc_ndcg_at_100_diff1": 0.077394,
        "nauc_ndcg_at_1000_max": 0.115223,
        "nauc_ndcg_at_1000_std": -0.245937,
        "nauc_ndcg_at_1000_diff1": 0.011382,
        "nauc_map_at_1_max": 0.243643,
        "nauc_map_at_1_std": -0.385588,
        "nauc_map_at_1_diff1": 0.355459,
        "nauc_map_at_3_max": 0.125507,
        "nauc_map_at_3_std": -0.353233,
        "nauc_map_at_3_diff1": 0.298701,
        "nauc_map_at_5_max": 0.099498,
        "nauc_map_at_5_std": -0.31416,
        "nauc_map_at_5_diff1": 0.243941,
        "nauc_map_at_10_max": 0.09876,
        "nauc_map_at_10_std": -0.30868,
        "nauc_map_at_10_diff1": 0.248045,
        "nauc_map_at_20_max": 0.094831,
        "nauc_map_at_20_std": -0.307649,
        "nauc_map_at_20_diff1": 0.235332,
        "nauc_map_at_100_max": 0.10024,
        "nauc_map_at_100_std": -0.307682,
        "nauc_map_at_100_diff1": 0.207997,
        "nauc_map_at_1000_max": 0.102783,
        "nauc_map_at_1000_std": -0.304693,
        "nauc_map_at_1000_diff1": 0.196349,
        "nauc_recall_at_1_max": 0.243643,
        "nauc_recall_at_1_std": -0.385588,
        "nauc_recall_at_1_diff1": 0.355459,
        "nauc_recall_at_3_max": 0.074854,
        "nauc_recall_at_3_std": -0.346561,
        "nauc_recall_at_3_diff1": 0.232569,
        "nauc_recall_at_5_max": 0.031699,
        "nauc_recall_at_5_std": -0.261882,
        "nauc_recall_at_5_diff1": 0.118292,
        "nauc_recall_at_10_max": 0.046967,
        "nauc_recall_at_10_std": -0.254066,
        "nauc_recall_at_10_diff1": 0.153191,
        "nauc_recall_at_20_max": 0.035654,
        "nauc_recall_at_20_std": -0.261305,
        "nauc_recall_at_20_diff1": 0.083371,
        "nauc_recall_at_100_max": 0.115139,
        "nauc_recall_at_100_std": -0.276847,
        "nauc_recall_at_100_diff1": -0.018215,
        "nauc_recall_at_1000_max": 0.109195,
        "nauc_recall_at_1000_std": -0.207596,
        "nauc_recall_at_1000_diff1": -0.056744,
        "nauc_precision_at_1_max": 0.243561,
        "nauc_precision_at_1_std": -0.366649,
        "nauc_precision_at_1_diff1": 0.267776,
        "nauc_precision_at_3_max": 0.157276,
        "nauc_precision_at_3_std": -0.307367,
        "nauc_precision_at_3_diff1": 0.262737,
        "nauc_precision_at_5_max": 0.115065,
        "nauc_precision_at_5_std": -0.264896,
        "nauc_precision_at_5_diff1": 0.100246,
        "nauc_precision_at_10_max": 0.124275,
        "nauc_precision_at_10_std": -0.283836,
        "nauc_precision_at_10_diff1": 0.063981,
        "nauc_precision_at_20_max": 0.152961,
        "nauc_precision_at_20_std": -0.28513,
        "nauc_precision_at_20_diff1": 0.004327,
        "nauc_precision_at_100_max": 0.209954,
        "nauc_precision_at_100_std": -0.288977,
        "nauc_precision_at_100_diff1": -0.050867,
        "nauc_precision_at_1000_max": 0.159744,
        "nauc_precision_at_1000_std": -0.204084,
        "nauc_precision_at_1000_diff1": -0.077991,
        "nauc_mrr_at_1_max": 0.243561,
        "nauc_mrr_at_1_std": -0.366649,
        "nauc_mrr_at_1_diff1": 0.267776,
        "nauc_mrr_at_3_max": 0.178093,
        "nauc_mrr_at_3_std": -0.325007,
        "nauc_mrr_at_3_diff1": 0.279938,
        "nauc_mrr_at_5_max": 0.154187,
        "nauc_mrr_at_5_std": -0.29998,
        "nauc_mrr_at_5_diff1": 0.21107,
        "nauc_mrr_at_10_max": 0.152015,
        "nauc_mrr_at_10_std": -0.300375,
        "nauc_mrr_at_10_diff1": 0.19938,
        "nauc_mrr_at_20_max": 0.151909,
        "nauc_mrr_at_20_std": -0.297023,
        "nauc_mrr_at_20_diff1": 0.19056,
        "nauc_mrr_at_100_max": 0.156979,
        "nauc_mrr_at_100_std": -0.295669,
        "nauc_mrr_at_100_diff1": 0.168452,
        "nauc_mrr_at_1000_max": 0.154288,
        "nauc_mrr_at_1000_std": -0.290601,
        "nauc_mrr_at_1000_diff1": 0.161047,
        "main_score": 0.00898,
        "hf_subset": "default",
        "languages": [
          "eng-Latn"
        ]
      }
    ]
  },
  "evaluation_time": 5538.220988750458,
  "kg_co2_emissions": null
}