{
  "dataset_revision": "4ffe81d471b1924886b33c7567bfb200e9eec5c4",
  "task_name": "CQADupstackWordpressRetrieval",
  "mteb_version": "1.38.30",
  "scores": {
    "test": [
      {
        "ndcg_at_1": 0.0037,
        "ndcg_at_3": 0.00486,
        "ndcg_at_5": 0.00486,
        "ndcg_at_10": 0.00642,
        "ndcg_at_20": 0.00736,
        "ndcg_at_100": 0.00901,
        "ndcg_at_1000": 0.01785,
        "map_at_1": 0.0037,
        "map_at_3": 0.00462,
        "map_at_5": 0.00462,
        "map_at_10": 0.00522,
        "map_at_20": 0.00549,
        "map_at_100": 0.00569,
        "map_at_1000": 0.00594,
        "recall_at_1": 0.0037,
        "recall_at_3": 0.00555,
        "recall_at_5": 0.00555,
        "recall_at_10": 0.01017,
        "recall_at_20": 0.01386,
        "recall_at_100": 0.02311,
        "recall_at_1000": 0.09359,
        "precision_at_1": 0.0037,
        "precision_at_3": 0.00185,
        "precision_at_5": 0.00111,
        "precision_at_10": 0.00111,
        "precision_at_20": 0.00074,
        "precision_at_100": 0.00024,
        "precision_at_1000": 0.00012,
        "mrr_at_1": 0.003697,
        "mrr_at_3": 0.004621,
        "mrr_at_5": 0.004621,
        "mrr_at_10": 0.005378,
        "mrr_at_20": 0.005643,
        "mrr_at_100": 0.005846,
        "mrr_at_1000": 0.006128,
        "nauc_ndcg_at_1_max": -0.070981,
        "nauc_ndcg_at_1_std": -0.322433,
        "nauc_ndcg_at_1_diff1": -0.310146,
        "nauc_ndcg_at_3_max": 0.104748,
        "nauc_ndcg_at_3_std": -0.167509,
        "nauc_ndcg_at_3_diff1": -0.158168,
        "nauc_ndcg_at_5_max": 0.104748,
        "nauc_ndcg_at_5_std": -0.167509,
        "nauc_ndcg_at_5_diff1": -0.158168,
        "nauc_ndcg_at_10_max": 0.049095,
        "nauc_ndcg_at_10_std": -0.219976,
        "nauc_ndcg_at_10_diff1": -0.218173,
        "nauc_ndcg_at_20_max": 0.077206,
        "nauc_ndcg_at_20_std": -0.239309,
        "nauc_ndcg_at_20_diff1": -0.228531,
        "nauc_ndcg_at_100_max": 0.097876,
        "nauc_ndcg_at_100_std": -0.261341,
        "nauc_ndcg_at_100_diff1": -0.232533,
        "nauc_ndcg_at_1000_max": 0.06911,
        "nauc_ndcg_at_1000_std": -0.172107,
        "nauc_ndcg_at_1000_diff1": -0.152457,
        "nauc_map_at_1_max": -0.070981,
        "nauc_map_at_1_std": -0.322433,
        "nauc_map_at_1_diff1": -0.310146,
        "nauc_map_at_3_max": 0.075574,
        "nauc_map_at_3_std": -0.193228,
        "nauc_map_at_3_diff1": -0.183398,
        "nauc_map_at_5_max": 0.075574,
        "nauc_map_at_5_std": -0.193228,
        "nauc_map_at_5_diff1": -0.183398,
        "nauc_map_at_10_max": 0.051151,
        "nauc_map_at_10_std": -0.216082,
        "nauc_map_at_10_diff1": -0.210743,
        "nauc_map_at_20_max": 0.065291,
        "nauc_map_at_20_std": -0.223966,
        "nauc_map_at_20_diff1": -0.2129,
        "nauc_map_at_100_max": 0.065157,
        "nauc_map_at_100_std": -0.226944,
        "nauc_map_at_100_diff1": -0.21394,
        "nauc_map_at_1000_max": 0.064353,
        "nauc_map_at_1000_std": -0.220898,
        "nauc_map_at_1000_diff1": -0.207942,
        "nauc_recall_at_1_max": -0.070981,
        "nauc_recall_at_1_std": -0.322433,
        "nauc_recall_at_1_diff1": -0.310146,
        "nauc_recall_at_3_max": 0.173278,
        "nauc_recall_at_3_std": -0.107092,
        "nauc_recall_at_3_diff1": -0.0989,
        "nauc_recall_at_5_max": 0.173278,
        "nauc_recall_at_5_std": -0.107092,
        "nauc_recall_at_5_diff1": -0.0989,
        "nauc_recall_at_10_max": 0.032684,
        "nauc_recall_at_10_std": -0.223365,
        "nauc_recall_at_10_diff1": -0.233384,
        "nauc_recall_at_20_max": 0.084772,
        "nauc_recall_at_20_std": -0.261492,
        "nauc_recall_at_20_diff1": -0.257131,
        "nauc_recall_at_100_max": 0.146067,
        "nauc_recall_at_100_std": -0.30794,
        "nauc_recall_at_100_diff1": -0.255251,
        "nauc_recall_at_1000_max": 0.06261,
        "nauc_recall_at_1000_std": -0.129317,
        "nauc_recall_at_1000_diff1": -0.113431,
        "nauc_precision_at_1_max": -0.070981,
        "nauc_precision_at_1_std": -0.322433,
        "nauc_precision_at_1_diff1": -0.310146,
        "nauc_precision_at_3_max": 0.173278,
        "nauc_precision_at_3_std": -0.107092,
        "nauc_precision_at_3_diff1": -0.0989,
        "nauc_precision_at_5_max": 0.173278,
        "nauc_precision_at_5_std": -0.107092,
        "nauc_precision_at_5_diff1": -0.0989,
        "nauc_precision_at_10_max": 0.038137,
        "nauc_precision_at_10_std": -0.252575,
        "nauc_precision_at_10_diff1": -0.248479,
        "nauc_precision_at_20_max": 0.085606,
        "nauc_precision_at_20_std": -0.281016,
        "nauc_precision_at_20_diff1": -0.266968,
        "nauc_precision_at_100_max": 0.144223,
        "nauc_precision_at_100_std": -0.318168,
        "nauc_precision_at_100_diff1": -0.261377,
        "nauc_precision_at_1000_max": 0.066827,
        "nauc_precision_at_1000_std": -0.154456,
        "nauc_precision_at_1000_diff1": -0.120126,
        "nauc_mrr_at_1_max": -0.070981,
        "nauc_mrr_at_1_std": -0.322433,
        "nauc_mrr_at_1_diff1": -0.310146,
        "nauc_mrr_at_3_max": 0.075574,
        "nauc_mrr_at_3_std": -0.193228,
        "nauc_mrr_at_3_diff1": -0.183398,
        "nauc_mrr_at_5_max": 0.075574,
        "nauc_mrr_at_5_std": -0.193228,
        "nauc_mrr_at_5_diff1": -0.183398,
        "nauc_mrr_at_10_max": 0.052497,
        "nauc_mrr_at_10_std": -0.22633,
        "nauc_mrr_at_10_diff1": -0.21658,
        "nauc_mrr_at_20_max": 0.066187,
        "nauc_mrr_at_20_std": -0.233517,
        "nauc_mrr_at_20_diff1": -0.218404,
        "nauc_mrr_at_100_max": 0.066025,
        "nauc_mrr_at_100_std": -0.236087,
        "nauc_mrr_at_100_diff1": -0.219226,
        "nauc_mrr_at_1000_max": 0.065758,
        "nauc_mrr_at_1000_std": -0.23068,
        "nauc_mrr_at_1000_diff1": -0.213129,
        "main_score": 0.00642,
        "hf_subset": "default",
        "languages": [
          "eng-Latn"
        ]
      }
    ]
  },
  "evaluation_time": 15080.154578924179,
  "kg_co2_emissions": null
}