{
  "dataset_revision": "46989137a86843e03a6195de44b09deda022eec7",
  "task_name": "CQADupstackTexRetrieval",
  "mteb_version": "1.38.30",
  "scores": {
    "test": [
      {
        "ndcg_at_1": 0.00379,
        "ndcg_at_3": 0.00382,
        "ndcg_at_5": 0.00395,
        "ndcg_at_10": 0.0048,
        "ndcg_at_20": 0.00557,
        "ndcg_at_100": 0.00822,
        "ndcg_at_1000": 0.0163,
        "map_at_1": 0.00267,
        "map_at_3": 0.00322,
        "map_at_5": 0.00332,
        "map_at_10": 0.00369,
        "map_at_20": 0.00388,
        "map_at_100": 0.00419,
        "map_at_1000": 0.00439,
        "recall_at_1": 0.00267,
        "recall_at_3": 0.00376,
        "recall_at_5": 0.00426,
        "recall_at_10": 0.00692,
        "recall_at_20": 0.00984,
        "recall_at_100": 0.02426,
        "recall_at_1000": 0.08608,
        "precision_at_1": 0.00379,
        "precision_at_3": 0.00184,
        "precision_at_5": 0.00131,
        "precision_at_10": 0.00103,
        "precision_at_20": 0.00074,
        "precision_at_100": 0.00034,
        "precision_at_1000": 0.00015,
        "mrr_at_1": 0.003785,
        "mrr_at_3": 0.004646,
        "mrr_at_5": 0.004852,
        "mrr_at_10": 0.005295,
        "mrr_at_20": 0.005568,
        "mrr_at_100": 0.005954,
        "mrr_at_1000": 0.006219,
        "nauc_ndcg_at_1_max": 0.554399,
        "nauc_ndcg_at_1_std": -0.392653,
        "nauc_ndcg_at_1_diff1": 0.032754,
        "nauc_ndcg_at_3_max": 0.600247,
        "nauc_ndcg_at_3_std": -0.401584,
        "nauc_ndcg_at_3_diff1": 0.10983,
        "nauc_ndcg_at_5_max": 0.595317,
        "nauc_ndcg_at_5_std": -0.399692,
        "nauc_ndcg_at_5_diff1": 0.106638,
        "nauc_ndcg_at_10_max": 0.48505,
        "nauc_ndcg_at_10_std": -0.400111,
        "nauc_ndcg_at_10_diff1": 0.113784,
        "nauc_ndcg_at_20_max": 0.473044,
        "nauc_ndcg_at_20_std": -0.405804,
        "nauc_ndcg_at_20_diff1": 0.102553,
        "nauc_ndcg_at_100_max": 0.334382,
        "nauc_ndcg_at_100_std": -0.303197,
        "nauc_ndcg_at_100_diff1": 0.031573,
        "nauc_ndcg_at_1000_max": 0.213846,
        "nauc_ndcg_at_1000_std": -0.225847,
        "nauc_ndcg_at_1000_diff1": -0.018579,
        "nauc_map_at_1_max": 0.748048,
        "nauc_map_at_1_std": -0.425491,
        "nauc_map_at_1_diff1": 0.121356,
        "nauc_map_at_3_max": 0.672284,
        "nauc_map_at_3_std": -0.412894,
        "nauc_map_at_3_diff1": 0.142552,
        "nauc_map_at_5_max": 0.660293,
        "nauc_map_at_5_std": -0.411628,
        "nauc_map_at_5_diff1": 0.132511,
        "nauc_map_at_10_max": 0.592245,
        "nauc_map_at_10_std": -0.409059,
        "nauc_map_at_10_diff1": 0.134957,
        "nauc_map_at_20_max": 0.580539,
        "nauc_map_at_20_std": -0.411416,
        "nauc_map_at_20_diff1": 0.129463,
        "nauc_map_at_100_max": 0.543087,
        "nauc_map_at_100_std": -0.391271,
        "nauc_map_at_100_diff1": 0.10903,
        "nauc_map_at_1000_max": 0.523502,
        "nauc_map_at_1000_std": -0.381464,
        "nauc_map_at_1000_diff1": 0.100679,
        "nauc_recall_at_1_max": 0.748048,
        "nauc_recall_at_1_std": -0.425491,
        "nauc_recall_at_1_diff1": 0.121356,
        "nauc_recall_at_3_max": 0.618455,
        "nauc_recall_at_3_std": -0.403944,
        "nauc_recall_at_3_diff1": 0.157611,
        "nauc_recall_at_5_max": 0.577965,
        "nauc_recall_at_5_std": -0.40005,
        "nauc_recall_at_5_diff1": 0.116744,
        "nauc_recall_at_10_max": 0.345651,
        "nauc_recall_at_10_std": -0.39699,
        "nauc_recall_at_10_diff1": 0.122782,
        "nauc_recall_at_20_max": 0.362284,
        "nauc_recall_at_20_std": -0.416373,
        "nauc_recall_at_20_diff1": 0.086557,
        "nauc_recall_at_100_max": 0.168771,
        "nauc_recall_at_100_std": -0.213486,
        "nauc_recall_at_100_diff1": -0.026864,
        "nauc_recall_at_1000_max": 0.105479,
        "nauc_recall_at_1000_std": -0.168926,
        "nauc_recall_at_1000_diff1": -0.060688,
        "nauc_precision_at_1_max": 0.554399,
        "nauc_precision_at_1_std": -0.392653,
        "nauc_precision_at_1_diff1": 0.032754,
        "nauc_precision_at_3_max": 0.496394,
        "nauc_precision_at_3_std": -0.385632,
        "nauc_precision_at_3_diff1": 0.085919,
        "nauc_precision_at_5_max": 0.492916,
        "nauc_precision_at_5_std": -0.382606,
        "nauc_precision_at_5_diff1": 0.0618,
        "nauc_precision_at_10_max": 0.32404,
        "nauc_precision_at_10_std": -0.384946,
        "nauc_precision_at_10_diff1": 0.072388,
        "nauc_precision_at_20_max": 0.339458,
        "nauc_precision_at_20_std": -0.370017,
        "nauc_precision_at_20_diff1": 0.067434,
        "nauc_precision_at_100_max": 0.164113,
        "nauc_precision_at_100_std": -0.181955,
        "nauc_precision_at_100_diff1": -0.01805,
        "nauc_precision_at_1000_max": 0.105417,
        "nauc_precision_at_1000_std": -0.108165,
        "nauc_precision_at_1000_diff1": -0.02599,
        "nauc_mrr_at_1_max": 0.554399,
        "nauc_mrr_at_1_std": -0.392653,
        "nauc_mrr_at_1_diff1": 0.032754,
        "nauc_mrr_at_3_max": 0.520026,
        "nauc_mrr_at_3_std": -0.388493,
        "nauc_mrr_at_3_diff1": 0.064259,
        "nauc_mrr_at_5_max": 0.518083,
        "nauc_mrr_at_5_std": -0.387555,
        "nauc_mrr_at_5_diff1": 0.05868,
        "nauc_mrr_at_10_max": 0.480434,
        "nauc_mrr_at_10_std": -0.388757,
        "nauc_mrr_at_10_diff1": 0.054124,
        "nauc_mrr_at_20_max": 0.476279,
        "nauc_mrr_at_20_std": -0.38596,
        "nauc_mrr_at_20_diff1": 0.058997,
        "nauc_mrr_at_100_max": 0.450583,
        "nauc_mrr_at_100_std": -0.367947,
        "nauc_mrr_at_100_diff1": 0.04644,
        "nauc_mrr_at_1000_max": 0.437126,
        "nauc_mrr_at_1000_std": -0.359458,
        "nauc_mrr_at_1000_diff1": 0.040941,
        "main_score": 0.0048,
        "hf_subset": "default",
        "languages": [
          "eng-Latn"
        ]
      }
    ]
  },
  "evaluation_time": 25151.48679304123,
  "kg_co2_emissions": null
}