{
  "dataset_revision": "6c6430d3a6d36f8d2a829195bc5dc94d7e063e53",
  "task_name": "CQADupstackUnixRetrieval",
  "mteb_version": "1.38.32",
  "scores": {
    "test": [
      {
        "ndcg_at_1": 0.01119,
        "ndcg_at_3": 0.0104,
        "ndcg_at_5": 0.0115,
        "ndcg_at_10": 0.01247,
        "ndcg_at_20": 0.01306,
        "ndcg_at_100": 0.01807,
        "ndcg_at_1000": 0.02996,
        "map_at_1": 0.00703,
        "map_at_3": 0.00855,
        "map_at_5": 0.0093,
        "map_at_10": 0.00978,
        "map_at_20": 0.00993,
        "map_at_100": 0.01047,
        "map_at_1000": 0.01074,
        "recall_at_1": 0.00703,
        "recall_at_3": 0.00994,
        "recall_at_5": 0.01336,
        "recall_at_10": 0.01693,
        "recall_at_20": 0.01922,
        "recall_at_100": 0.04597,
        "recall_at_1000": 0.13913,
        "precision_at_1": 0.01119,
        "precision_at_3": 0.00498,
        "precision_at_5": 0.0041,
        "precision_at_10": 0.00252,
        "precision_at_20": 0.00145,
        "precision_at_100": 0.00066,
        "precision_at_1000": 0.00022,
        "mrr_at_1": 0.011194,
        "mrr_at_3": 0.012593,
        "mrr_at_5": 0.013853,
        "mrr_at_10": 0.0145,
        "mrr_at_20": 0.01472,
        "mrr_at_100": 0.015403,
        "mrr_at_1000": 0.01577,
        "nauc_ndcg_at_1_max": 0.356022,
        "nauc_ndcg_at_1_std": -0.456939,
        "nauc_ndcg_at_1_diff1": 0.047997,
        "nauc_ndcg_at_3_max": 0.356756,
        "nauc_ndcg_at_3_std": -0.405625,
        "nauc_ndcg_at_3_diff1": 0.137484,
        "nauc_ndcg_at_5_max": 0.292647,
        "nauc_ndcg_at_5_std": -0.388375,
        "nauc_ndcg_at_5_diff1": 0.126696,
        "nauc_ndcg_at_10_max": 0.275782,
        "nauc_ndcg_at_10_std": -0.383124,
        "nauc_ndcg_at_10_diff1": 0.113361,
        "nauc_ndcg_at_20_max": 0.295724,
        "nauc_ndcg_at_20_std": -0.38033,
        "nauc_ndcg_at_20_diff1": 0.10276,
        "nauc_ndcg_at_100_max": 0.260065,
        "nauc_ndcg_at_100_std": -0.346307,
        "nauc_ndcg_at_100_diff1": 0.048532,
        "nauc_ndcg_at_1000_max": 0.18065,
        "nauc_ndcg_at_1000_std": -0.265473,
        "nauc_ndcg_at_1000_diff1": -0.002713,
        "nauc_map_at_1_max": 0.34631,
        "nauc_map_at_1_std": -0.412155,
        "nauc_map_at_1_diff1": 0.09452,
        "nauc_map_at_3_max": 0.350292,
        "nauc_map_at_3_std": -0.387819,
        "nauc_map_at_3_diff1": 0.16081,
        "nauc_map_at_5_max": 0.31198,
        "nauc_map_at_5_std": -0.383989,
        "nauc_map_at_5_diff1": 0.146734,
        "nauc_map_at_10_max": 0.304025,
        "nauc_map_at_10_std": -0.383657,
        "nauc_map_at_10_diff1": 0.134841,
        "nauc_map_at_20_max": 0.31025,
        "nauc_map_at_20_std": -0.383387,
        "nauc_map_at_20_diff1": 0.129936,
        "nauc_map_at_100_max": 0.300122,
        "nauc_map_at_100_std": -0.376052,
        "nauc_map_at_100_diff1": 0.119084,
        "nauc_map_at_1000_max": 0.294465,
        "nauc_map_at_1000_std": -0.371564,
        "nauc_map_at_1000_diff1": 0.114278,
        "nauc_recall_at_1_max": 0.34631,
        "nauc_recall_at_1_std": -0.412155,
        "nauc_recall_at_1_diff1": 0.09452,
        "nauc_recall_at_3_max": 0.353424,
        "nauc_recall_at_3_std": -0.368432,
        "nauc_recall_at_3_diff1": 0.215406,
        "nauc_recall_at_5_max": 0.240504,
        "nauc_recall_at_5_std": -0.362656,
        "nauc_recall_at_5_diff1": 0.166649,
        "nauc_recall_at_10_max": 0.228985,
        "nauc_recall_at_10_std": -0.360889,
        "nauc_recall_at_10_diff1": 0.116491,
        "nauc_recall_at_20_max": 0.283718,
        "nauc_recall_at_20_std": -0.36013,
        "nauc_recall_at_20_diff1": 0.0866,
        "nauc_recall_at_100_max": 0.228842,
        "nauc_recall_at_100_std": -0.307934,
        "nauc_recall_at_100_diff1": -0.034115,
        "nauc_recall_at_1000_max": 0.095945,
        "nauc_recall_at_1000_std": -0.175266,
        "nauc_recall_at_1000_diff1": -0.081252,
        "nauc_precision_at_1_max": 0.356022,
        "nauc_precision_at_1_std": -0.456939,
        "nauc_precision_at_1_diff1": 0.047997,
        "nauc_precision_at_3_max": 0.357071,
        "nauc_precision_at_3_std": -0.425472,
        "nauc_precision_at_3_diff1": 0.107704,
        "nauc_precision_at_5_max": 0.231188,
        "nauc_precision_at_5_std": -0.388187,
        "nauc_precision_at_5_diff1": 0.052929,
        "nauc_precision_at_10_max": 0.210521,
        "nauc_precision_at_10_std": -0.386606,
        "nauc_precision_at_10_diff1": 0.026686,
        "nauc_precision_at_20_max": 0.279642,
        "nauc_precision_at_20_std": -0.370572,
        "nauc_precision_at_20_diff1": 0.028745,
        "nauc_precision_at_100_max": 0.220866,
        "nauc_precision_at_100_std": -0.305437,
        "nauc_precision_at_100_diff1": -0.009068,
        "nauc_precision_at_1000_max": 0.112439,
        "nauc_precision_at_1000_std": -0.175379,
        "nauc_precision_at_1000_diff1": -0.037759,
        "nauc_mrr_at_1_max": 0.356022,
        "nauc_mrr_at_1_std": -0.456939,
        "nauc_mrr_at_1_diff1": 0.047997,
        "nauc_mrr_at_3_max": 0.357858,
        "nauc_mrr_at_3_std": -0.433949,
        "nauc_mrr_at_3_diff1": 0.103643,
        "nauc_mrr_at_5_max": 0.313283,
        "nauc_mrr_at_5_std": -0.41997,
        "nauc_mrr_at_5_diff1": 0.08321,
        "nauc_mrr_at_10_max": 0.302707,
        "nauc_mrr_at_10_std": -0.419086,
        "nauc_mrr_at_10_diff1": 0.074631,
        "nauc_mrr_at_20_max": 0.309585,
        "nauc_mrr_at_20_std": -0.417004,
        "nauc_mrr_at_20_diff1": 0.073168,
        "nauc_mrr_at_100_max": 0.299731,
        "nauc_mrr_at_100_std": -0.406994,
        "nauc_mrr_at_100_diff1": 0.069277,
        "nauc_mrr_at_1000_max": 0.294333,
        "nauc_mrr_at_1000_std": -0.401475,
        "nauc_mrr_at_1000_diff1": 0.066652,
        "main_score": 0.01247,
        "hf_subset": "default",
        "languages": [
          "eng-Latn"
        ]
      }
    ]
  },
  "evaluation_time": 6246.572867155075,
  "kg_co2_emissions": null
}