{
  "dataset_revision": "4885aa143210c98657558c04aaf3dc47cfb54340",
  "task_name": "CQADupstackGamingRetrieval",
  "mteb_version": "1.38.30",
  "scores": {
    "test": [
      {
        "ndcg_at_1": 0.0094,
        "ndcg_at_3": 0.01119,
        "ndcg_at_5": 0.0129,
        "ndcg_at_10": 0.01429,
        "ndcg_at_20": 0.01666,
        "ndcg_at_100": 0.02199,
        "ndcg_at_1000": 0.03473,
        "map_at_1": 0.00653,
        "map_at_3": 0.00959,
        "map_at_5": 0.01059,
        "map_at_10": 0.01115,
        "map_at_20": 0.01184,
        "map_at_100": 0.01251,
        "map_at_1000": 0.01284,
        "recall_at_1": 0.00653,
        "recall_at_3": 0.0131,
        "recall_at_5": 0.01707,
        "recall_at_10": 0.02109,
        "recall_at_20": 0.03008,
        "recall_at_100": 0.05717,
        "recall_at_1000": 0.16002,
        "precision_at_1": 0.0094,
        "precision_at_3": 0.00585,
        "precision_at_5": 0.00464,
        "precision_at_10": 0.00288,
        "precision_at_20": 0.00191,
        "precision_at_100": 0.0008,
        "precision_at_1000": 0.00023,
        "mrr_at_1": 0.009404,
        "mrr_at_3": 0.012226,
        "mrr_at_5": 0.013386,
        "mrr_at_10": 0.014069,
        "mrr_at_20": 0.014781,
        "mrr_at_100": 0.015536,
        "mrr_at_1000": 0.015869,
        "nauc_ndcg_at_1_max": 0.252167,
        "nauc_ndcg_at_1_std": -0.359441,
        "nauc_ndcg_at_1_diff1": 0.353972,
        "nauc_ndcg_at_3_max": 0.215848,
        "nauc_ndcg_at_3_std": -0.378289,
        "nauc_ndcg_at_3_diff1": 0.165369,
        "nauc_ndcg_at_5_max": 0.220967,
        "nauc_ndcg_at_5_std": -0.387531,
        "nauc_ndcg_at_5_diff1": 0.130559,
        "nauc_ndcg_at_10_max": 0.274403,
        "nauc_ndcg_at_10_std": -0.390744,
        "nauc_ndcg_at_10_diff1": 0.117674,
        "nauc_ndcg_at_20_max": 0.263224,
        "nauc_ndcg_at_20_std": -0.361148,
        "nauc_ndcg_at_20_diff1": 0.096111,
        "nauc_ndcg_at_100_max": 0.242027,
        "nauc_ndcg_at_100_std": -0.360968,
        "nauc_ndcg_at_100_diff1": 0.087731,
        "nauc_ndcg_at_1000_max": 0.192509,
        "nauc_ndcg_at_1000_std": -0.327636,
        "nauc_ndcg_at_1000_diff1": 0.064005,
        "nauc_map_at_1_max": 0.185799,
        "nauc_map_at_1_std": -0.369156,
        "nauc_map_at_1_diff1": 0.274262,
        "nauc_map_at_3_max": 0.205954,
        "nauc_map_at_3_std": -0.376059,
        "nauc_map_at_3_diff1": 0.176868,
        "nauc_map_at_5_max": 0.215642,
        "nauc_map_at_5_std": -0.382102,
        "nauc_map_at_5_diff1": 0.160928,
        "nauc_map_at_10_max": 0.242516,
        "nauc_map_at_10_std": -0.3837,
        "nauc_map_at_10_diff1": 0.153268,
        "nauc_map_at_20_max": 0.241282,
        "nauc_map_at_20_std": -0.372402,
        "nauc_map_at_20_diff1": 0.142029,
        "nauc_map_at_100_max": 0.239985,
        "nauc_map_at_100_std": -0.373372,
        "nauc_map_at_100_diff1": 0.140499,
        "nauc_map_at_1000_max": 0.237897,
        "nauc_map_at_1000_std": -0.371343,
        "nauc_map_at_1000_diff1": 0.137598,
        "nauc_recall_at_1_max": 0.185799,
        "nauc_recall_at_1_std": -0.369156,
        "nauc_recall_at_1_diff1": 0.274262,
        "nauc_recall_at_3_max": 0.205954,
        "nauc_recall_at_3_std": -0.386058,
        "nauc_recall_at_3_diff1": 0.091561,
        "nauc_recall_at_5_max": 0.212458,
        "nauc_recall_at_5_std": -0.399847,
        "nauc_recall_at_5_diff1": 0.052242,
        "nauc_recall_at_10_max": 0.313405,
        "nauc_recall_at_10_std": -0.403763,
        "nauc_recall_at_10_diff1": 0.030472,
        "nauc_recall_at_20_max": 0.276227,
        "nauc_recall_at_20_std": -0.335856,
        "nauc_recall_at_20_diff1": 0.011721,
        "nauc_recall_at_100_max": 0.216038,
        "nauc_recall_at_100_std": -0.346022,
        "nauc_recall_at_100_diff1": 0.02524,
        "nauc_recall_at_1000_max": 0.13231,
        "nauc_recall_at_1000_std": -0.286781,
        "nauc_recall_at_1000_diff1": 0.020994,
        "nauc_precision_at_1_max": 0.252167,
        "nauc_precision_at_1_std": -0.359441,
        "nauc_precision_at_1_diff1": 0.353972,
        "nauc_precision_at_3_max": 0.241683,
        "nauc_precision_at_3_std": -0.375206,
        "nauc_precision_at_3_diff1": 0.157511,
        "nauc_precision_at_5_max": 0.261956,
        "nauc_precision_at_5_std": -0.394363,
        "nauc_precision_at_5_diff1": 0.105344,
        "nauc_precision_at_10_max": 0.365418,
        "nauc_precision_at_10_std": -0.401273,
        "nauc_precision_at_10_diff1": 0.103817,
        "nauc_precision_at_20_max": 0.316486,
        "nauc_precision_at_20_std": -0.348595,
        "nauc_precision_at_20_diff1": 0.071778,
        "nauc_precision_at_100_max": 0.250197,
        "nauc_precision_at_100_std": -0.341647,
        "nauc_precision_at_100_diff1": 0.048381,
        "nauc_precision_at_1000_max": 0.178564,
        "nauc_precision_at_1000_std": -0.289355,
        "nauc_precision_at_1000_diff1": 0.037068,
        "nauc_mrr_at_1_max": 0.252167,
        "nauc_mrr_at_1_std": -0.359441,
        "nauc_mrr_at_1_diff1": 0.353972,
        "nauc_mrr_at_3_max": 0.240755,
        "nauc_mrr_at_3_std": -0.370746,
        "nauc_mrr_at_3_diff1": 0.239208,
        "nauc_mrr_at_5_max": 0.242853,
        "nauc_mrr_at_5_std": -0.378122,
        "nauc_mrr_at_5_diff1": 0.202443,
        "nauc_mrr_at_10_max": 0.268771,
        "nauc_mrr_at_10_std": -0.380435,
        "nauc_mrr_at_10_diff1": 0.193849,
        "nauc_mrr_at_20_max": 0.265526,
        "nauc_mrr_at_20_std": -0.371597,
        "nauc_mrr_at_20_diff1": 0.182794,
        "nauc_mrr_at_100_max": 0.262822,
        "nauc_mrr_at_100_std": -0.370519,
        "nauc_mrr_at_100_diff1": 0.180916,
        "nauc_mrr_at_1000_max": 0.258708,
        "nauc_mrr_at_1000_std": -0.368171,
        "nauc_mrr_at_1000_diff1": 0.1767,
        "main_score": 0.01429,
        "hf_subset": "default",
        "languages": [
          "eng-Latn"
        ]
      }
    ]
  },
  "evaluation_time": 5979.58798456192,
  "kg_co2_emissions": null
}