{
  "dataset_revision": "5003b3064772da1887988e05400cf3806fe491f2",
  "task_name": "CQADupstackGisRetrieval",
  "mteb_version": "1.38.32",
  "scores": {
    "test": [
      {
        "ndcg_at_1": 0.00339,
        "ndcg_at_3": 0.00445,
        "ndcg_at_5": 0.00586,
        "ndcg_at_10": 0.00654,
        "ndcg_at_20": 0.00923,
        "ndcg_at_100": 0.0146,
        "ndcg_at_1000": 0.02964,
        "map_at_1": 0.00339,
        "map_at_3": 0.00414,
        "map_at_5": 0.00493,
        "map_at_10": 0.00519,
        "map_at_20": 0.00589,
        "map_at_100": 0.00647,
        "map_at_1000": 0.00689,
        "recall_at_1": 0.00339,
        "recall_at_3": 0.00508,
        "recall_at_5": 0.00847,
        "recall_at_10": 0.01073,
        "recall_at_20": 0.02109,
        "recall_at_100": 0.05042,
        "recall_at_1000": 0.17154,
        "precision_at_1": 0.00339,
        "precision_at_3": 0.00188,
        "precision_at_5": 0.00181,
        "precision_at_10": 0.00113,
        "precision_at_20": 0.00119,
        "precision_at_100": 0.00061,
        "precision_at_1000": 0.00021,
        "mrr_at_1": 0.00339,
        "mrr_at_3": 0.004331,
        "mrr_at_5": 0.005122,
        "mrr_at_10": 0.005374,
        "mrr_at_20": 0.006184,
        "mrr_at_100": 0.006925,
        "mrr_at_1000": 0.00737,
        "nauc_ndcg_at_1_max": 0.887763,
        "nauc_ndcg_at_1_std": -0.472225,
        "nauc_ndcg_at_1_diff1": -0.072926,
        "nauc_ndcg_at_3_max": 0.834316,
        "nauc_ndcg_at_3_std": -0.490994,
        "nauc_ndcg_at_3_diff1": -0.160586,
        "nauc_ndcg_at_5_max": 0.612326,
        "nauc_ndcg_at_5_std": -0.455284,
        "nauc_ndcg_at_5_diff1": -0.125432,
        "nauc_ndcg_at_10_max": 0.492661,
        "nauc_ndcg_at_10_std": -0.397677,
        "nauc_ndcg_at_10_diff1": -0.09918,
        "nauc_ndcg_at_20_max": 0.410543,
        "nauc_ndcg_at_20_std": -0.377197,
        "nauc_ndcg_at_20_diff1": -0.084893,
        "nauc_ndcg_at_100_max": 0.31647,
        "nauc_ndcg_at_100_std": -0.278928,
        "nauc_ndcg_at_100_diff1": -0.058422,
        "nauc_ndcg_at_1000_max": 0.226769,
        "nauc_ndcg_at_1000_std": -0.182547,
        "nauc_ndcg_at_1000_diff1": -0.089902,
        "nauc_map_at_1_max": 0.887763,
        "nauc_map_at_1_std": -0.472225,
        "nauc_map_at_1_diff1": -0.072926,
        "nauc_map_at_3_max": 0.846949,
        "nauc_map_at_3_std": -0.487611,
        "nauc_map_at_3_diff1": -0.142407,
        "nauc_map_at_5_max": 0.698924,
        "nauc_map_at_5_std": -0.464504,
        "nauc_map_at_5_diff1": -0.125722,
        "nauc_map_at_10_max": 0.639022,
        "nauc_map_at_10_std": -0.437239,
        "nauc_map_at_10_diff1": -0.113486,
        "nauc_map_at_20_max": 0.587096,
        "nauc_map_at_20_std": -0.423145,
        "nauc_map_at_20_diff1": -0.107364,
        "nauc_map_at_100_max": 0.546516,
        "nauc_map_at_100_std": -0.393781,
        "nauc_map_at_100_diff1": -0.098166,
        "nauc_map_at_1000_max": 0.525752,
        "nauc_map_at_1000_std": -0.37584,
        "nauc_map_at_1000_diff1": -0.098393,
        "nauc_recall_at_1_max": 0.887763,
        "nauc_recall_at_1_std": -0.472225,
        "nauc_recall_at_1_diff1": -0.072926,
        "nauc_recall_at_3_max": 0.812938,
        "nauc_recall_at_3_std": -0.498343,
        "nauc_recall_at_3_diff1": -0.195267,
        "nauc_recall_at_5_max": 0.448135,
        "nauc_recall_at_5_std": -0.435739,
        "nauc_recall_at_5_diff1": -0.113779,
        "nauc_recall_at_10_max": 0.240518,
        "nauc_recall_at_10_std": -0.323266,
        "nauc_recall_at_10_diff1": -0.063102,
        "nauc_recall_at_20_max": 0.225992,
        "nauc_recall_at_20_std": -0.326211,
        "nauc_recall_at_20_diff1": -0.060329,
        "nauc_recall_at_100_max": 0.178281,
        "nauc_recall_at_100_std": -0.200189,
        "nauc_recall_at_100_diff1": -0.037457,
        "nauc_recall_at_1000_max": 0.128768,
        "nauc_recall_at_1000_std": -0.109283,
        "nauc_recall_at_1000_diff1": -0.098593,
        "nauc_precision_at_1_max": 0.887763,
        "nauc_precision_at_1_std": -0.472225,
        "nauc_precision_at_1_diff1": -0.072926,
        "nauc_precision_at_3_max": 0.797973,
        "nauc_precision_at_3_std": -0.498553,
        "nauc_precision_at_3_diff1": -0.207637,
        "nauc_precision_at_5_max": 0.461582,
        "nauc_precision_at_5_std": -0.439783,
        "nauc_precision_at_5_diff1": -0.126603,
        "nauc_precision_at_10_max": 0.261657,
        "nauc_precision_at_10_std": -0.332125,
        "nauc_precision_at_10_diff1": -0.075895,
        "nauc_precision_at_20_max": 0.251108,
        "nauc_precision_at_20_std": -0.337225,
        "nauc_precision_at_20_diff1": -0.050496,
        "nauc_precision_at_100_max": 0.22075,
        "nauc_precision_at_100_std": -0.20698,
        "nauc_precision_at_100_diff1": -0.021444,
        "nauc_precision_at_1000_max": 0.160889,
        "nauc_precision_at_1000_std": -0.11997,
        "nauc_precision_at_1000_diff1": -0.090056,
        "nauc_mrr_at_1_max": 0.887763,
        "nauc_mrr_at_1_std": -0.472225,
        "nauc_mrr_at_1_diff1": -0.072926,
        "nauc_mrr_at_3_max": 0.838964,
        "nauc_mrr_at_3_std": -0.488168,
        "nauc_mrr_at_3_diff1": -0.150084,
        "nauc_mrr_at_5_max": 0.697614,
        "nauc_mrr_at_5_std": -0.465825,
        "nauc_mrr_at_5_diff1": -0.132826,
        "nauc_mrr_at_10_max": 0.639873,
        "nauc_mrr_at_10_std": -0.439454,
        "nauc_mrr_at_10_diff1": -0.120688,
        "nauc_mrr_at_20_max": 0.585578,
        "nauc_mrr_at_20_std": -0.424993,
        "nauc_mrr_at_20_diff1": -0.109083,
        "nauc_mrr_at_100_max": 0.54288,
        "nauc_mrr_at_100_std": -0.390799,
        "nauc_mrr_at_100_diff1": -0.094243,
        "nauc_mrr_at_1000_max": 0.521251,
        "nauc_mrr_at_1000_std": -0.372994,
        "nauc_mrr_at_1000_diff1": -0.093847,
        "main_score": 0.00654,
        "hf_subset": "default",
        "languages": [
          "eng-Latn"
        ]
      }
    ]
  },
  "evaluation_time": 4905.654374361038,
  "kg_co2_emissions": null
}