{
  "dataset_revision": "6184bc1440d2dbc7612be22b50686b8826d22b32",
  "task_name": "CQADupstackProgrammersRetrieval",
  "mteb_version": "1.38.30",
  "scores": {
    "test": [
      {
        "ndcg_at_1": 0.01027,
        "ndcg_at_3": 0.01012,
        "ndcg_at_5": 0.01063,
        "ndcg_at_10": 0.01187,
        "ndcg_at_20": 0.01525,
        "ndcg_at_100": 0.02129,
        "ndcg_at_1000": 0.03347,
        "map_at_1": 0.0083,
        "map_at_3": 0.00906,
        "map_at_5": 0.0095,
        "map_at_10": 0.01006,
        "map_at_20": 0.01095,
        "map_at_100": 0.01161,
        "map_at_1000": 0.01191,
        "recall_at_1": 0.0083,
        "recall_at_3": 0.00982,
        "recall_at_5": 0.01134,
        "recall_at_10": 0.01514,
        "recall_at_20": 0.0284,
        "recall_at_100": 0.061,
        "recall_at_1000": 0.15534,
        "precision_at_1": 0.01027,
        "precision_at_3": 0.00419,
        "precision_at_5": 0.0032,
        "precision_at_10": 0.00217,
        "precision_at_20": 0.00183,
        "precision_at_100": 0.0008,
        "precision_at_1000": 0.00024,
        "mrr_at_1": 0.010274,
        "mrr_at_3": 0.011416,
        "mrr_at_5": 0.011929,
        "mrr_at_10": 0.01279,
        "mrr_at_20": 0.013795,
        "mrr_at_100": 0.014689,
        "mrr_at_1000": 0.015076,
        "nauc_ndcg_at_1_max": 0.476337,
        "nauc_ndcg_at_1_std": -0.291149,
        "nauc_ndcg_at_1_diff1": -0.120867,
        "nauc_ndcg_at_3_max": 0.541884,
        "nauc_ndcg_at_3_std": -0.353109,
        "nauc_ndcg_at_3_diff1": -0.105757,
        "nauc_ndcg_at_5_max": 0.537205,
        "nauc_ndcg_at_5_std": -0.363133,
        "nauc_ndcg_at_5_diff1": -0.121141,
        "nauc_ndcg_at_10_max": 0.571562,
        "nauc_ndcg_at_10_std": -0.395534,
        "nauc_ndcg_at_10_diff1": -0.141784,
        "nauc_ndcg_at_20_max": 0.472331,
        "nauc_ndcg_at_20_std": -0.369071,
        "nauc_ndcg_at_20_diff1": -0.15673,
        "nauc_ndcg_at_100_max": 0.354246,
        "nauc_ndcg_at_100_std": -0.29454,
        "nauc_ndcg_at_100_diff1": -0.16788,
        "nauc_ndcg_at_1000_max": 0.254861,
        "nauc_ndcg_at_1000_std": -0.212853,
        "nauc_ndcg_at_1000_diff1": -0.123085,
        "nauc_map_at_1_max": 0.526747,
        "nauc_map_at_1_std": -0.376734,
        "nauc_map_at_1_diff1": -0.074957,
        "nauc_map_at_3_max": 0.559438,
        "nauc_map_at_3_std": -0.387105,
        "nauc_map_at_3_diff1": -0.08362,
        "nauc_map_at_5_max": 0.553296,
        "nauc_map_at_5_std": -0.385975,
        "nauc_map_at_5_diff1": -0.098801,
        "nauc_map_at_10_max": 0.565256,
        "nauc_map_at_10_std": -0.394433,
        "nauc_map_at_10_diff1": -0.108874,
        "nauc_map_at_20_max": 0.530003,
        "nauc_map_at_20_std": -0.385419,
        "nauc_map_at_20_diff1": -0.118213,
        "nauc_map_at_100_max": 0.501711,
        "nauc_map_at_100_std": -0.370654,
        "nauc_map_at_100_diff1": -0.123006,
        "nauc_map_at_1000_max": 0.491838,
        "nauc_map_at_1000_std": -0.364508,
        "nauc_map_at_1000_diff1": -0.121382,
        "nauc_recall_at_1_max": 0.526747,
        "nauc_recall_at_1_std": -0.376734,
        "nauc_recall_at_1_diff1": -0.074957,
        "nauc_recall_at_3_max": 0.587061,
        "nauc_recall_at_3_std": -0.395868,
        "nauc_recall_at_3_diff1": -0.090941,
        "nauc_recall_at_5_max": 0.560329,
        "nauc_recall_at_5_std": -0.388248,
        "nauc_recall_at_5_diff1": -0.131065,
        "nauc_recall_at_10_max": 0.602881,
        "nauc_recall_at_10_std": -0.426762,
        "nauc_recall_at_10_diff1": -0.167964,
        "nauc_recall_at_20_max": 0.3771,
        "nauc_recall_at_20_std": -0.363387,
        "nauc_recall_at_20_diff1": -0.190968,
        "nauc_recall_at_100_max": 0.208011,
        "nauc_recall_at_100_std": -0.219153,
        "nauc_recall_at_100_diff1": -0.189016,
        "nauc_recall_at_1000_max": 0.117725,
        "nauc_recall_at_1000_std": -0.120949,
        "nauc_recall_at_1000_diff1": -0.10023,
        "nauc_precision_at_1_max": 0.476337,
        "nauc_precision_at_1_std": -0.291149,
        "nauc_precision_at_1_diff1": -0.120867,
        "nauc_precision_at_3_max": 0.540919,
        "nauc_precision_at_3_std": -0.329148,
        "nauc_precision_at_3_diff1": -0.150785,
        "nauc_precision_at_5_max": 0.514682,
        "nauc_precision_at_5_std": -0.335115,
        "nauc_precision_at_5_diff1": -0.204643,
        "nauc_precision_at_10_max": 0.571262,
        "nauc_precision_at_10_std": -0.390425,
        "nauc_precision_at_10_diff1": -0.243835,
        "nauc_precision_at_20_max": 0.39022,
        "nauc_precision_at_20_std": -0.320081,
        "nauc_precision_at_20_diff1": -0.203643,
        "nauc_precision_at_100_max": 0.211463,
        "nauc_precision_at_100_std": -0.20599,
        "nauc_precision_at_100_diff1": -0.212754,
        "nauc_precision_at_1000_max": 0.072016,
        "nauc_precision_at_1000_std": -0.040325,
        "nauc_precision_at_1000_diff1": -0.060836,
        "nauc_mrr_at_1_max": 0.476337,
        "nauc_mrr_at_1_std": -0.291149,
        "nauc_mrr_at_1_diff1": -0.120867,
        "nauc_mrr_at_3_max": 0.511857,
        "nauc_mrr_at_3_std": -0.312048,
        "nauc_mrr_at_3_diff1": -0.137322,
        "nauc_mrr_at_5_max": 0.500815,
        "nauc_mrr_at_5_std": -0.309874,
        "nauc_mrr_at_5_diff1": -0.145911,
        "nauc_mrr_at_10_max": 0.517652,
        "nauc_mrr_at_10_std": -0.325663,
        "nauc_mrr_at_10_diff1": -0.160305,
        "nauc_mrr_at_20_max": 0.489955,
        "nauc_mrr_at_20_std": -0.31712,
        "nauc_mrr_at_20_diff1": -0.160001,
        "nauc_mrr_at_100_max": 0.462663,
        "nauc_mrr_at_100_std": -0.306036,
        "nauc_mrr_at_100_diff1": -0.163278,
        "nauc_mrr_at_1000_max": 0.451956,
        "nauc_mrr_at_1000_std": -0.299221,
        "nauc_mrr_at_1000_diff1": -0.159146,
        "main_score": 0.01187,
        "hf_subset": "default",
        "languages": [
          "eng-Latn"
        ]
      }
    ]
  },
  "evaluation_time": 8237.976944684982,
  "kg_co2_emissions": null
}