{
  "dataset_revision": "90fceea13679c63fe563ded68f3b6f06e50061de",
  "task_name": "CQADupstackMathematicaRetrieval",
  "mteb_version": "1.38.32",
  "scores": {
    "test": [
      {
        "ndcg_at_1": 0.00124,
        "ndcg_at_3": 0.00096,
        "ndcg_at_5": 0.00176,
        "ndcg_at_10": 0.00394,
        "ndcg_at_20": 0.00591,
        "ndcg_at_100": 0.01045,
        "ndcg_at_1000": 0.02377,
        "map_at_1": 0.00018,
        "map_at_3": 0.00038,
        "map_at_5": 0.0009,
        "map_at_10": 0.00184,
        "map_at_20": 0.00233,
        "map_at_100": 0.00286,
        "map_at_1000": 0.00317,
        "recall_at_1": 0.00018,
        "recall_at_3": 0.0008,
        "recall_at_5": 0.00287,
        "recall_at_10": 0.00951,
        "recall_at_20": 0.01697,
        "recall_at_100": 0.04049,
        "recall_at_1000": 0.1445,
        "precision_at_1": 0.00124,
        "precision_at_3": 0.00083,
        "precision_at_5": 0.00124,
        "precision_at_10": 0.00137,
        "precision_at_20": 0.00118,
        "precision_at_100": 0.00058,
        "precision_at_1000": 0.00023,
        "mrr_at_1": 0.001244,
        "mrr_at_3": 0.001658,
        "mrr_at_5": 0.002218,
        "mrr_at_10": 0.00329,
        "mrr_at_20": 0.003945,
        "mrr_at_100": 0.004646,
        "mrr_at_1000": 0.005003,
        "nauc_ndcg_at_1_max": 1.0,
        "nauc_ndcg_at_1_std": -0.573984,
        "nauc_ndcg_at_1_diff1": -0.318125,
        "nauc_ndcg_at_3_max": 1.0,
        "nauc_ndcg_at_3_std": -0.573984,
        "nauc_ndcg_at_3_diff1": -0.419226,
        "nauc_ndcg_at_5_max": 0.707606,
        "nauc_ndcg_at_5_std": -0.530436,
        "nauc_ndcg_at_5_diff1": -0.471913,
        "nauc_ndcg_at_10_max": 0.31831,
        "nauc_ndcg_at_10_std": -0.415202,
        "nauc_ndcg_at_10_diff1": -0.398496,
        "nauc_ndcg_at_20_max": 0.149933,
        "nauc_ndcg_at_20_std": -0.212679,
        "nauc_ndcg_at_20_diff1": -0.164778,
        "nauc_ndcg_at_100_max": 0.103921,
        "nauc_ndcg_at_100_std": -0.161215,
        "nauc_ndcg_at_100_diff1": -0.089464,
        "nauc_ndcg_at_1000_max": 0.107026,
        "nauc_ndcg_at_1000_std": -0.141309,
        "nauc_ndcg_at_1000_diff1": -0.080942,
        "nauc_map_at_1_max": 1.0,
        "nauc_map_at_1_std": -0.573984,
        "nauc_map_at_1_diff1": -0.318125,
        "nauc_map_at_3_max": 1.0,
        "nauc_map_at_3_std": -0.573984,
        "nauc_map_at_3_diff1": -0.455895,
        "nauc_map_at_5_max": 0.705193,
        "nauc_map_at_5_std": -0.530077,
        "nauc_map_at_5_diff1": -0.480624,
        "nauc_map_at_10_max": 0.366819,
        "nauc_map_at_10_std": -0.429683,
        "nauc_map_at_10_diff1": -0.417067,
        "nauc_map_at_20_max": 0.245537,
        "nauc_map_at_20_std": -0.305565,
        "nauc_map_at_20_diff1": -0.280212,
        "nauc_map_at_100_max": 0.216969,
        "nauc_map_at_100_std": -0.270191,
        "nauc_map_at_100_diff1": -0.223319,
        "nauc_map_at_1000_max": 0.204241,
        "nauc_map_at_1000_std": -0.25471,
        "nauc_map_at_1000_diff1": -0.207562,
        "nauc_recall_at_1_max": 1.0,
        "nauc_recall_at_1_std": -0.573984,
        "nauc_recall_at_1_diff1": -0.318125,
        "nauc_recall_at_3_max": 1.0,
        "nauc_recall_at_3_std": -0.573984,
        "nauc_recall_at_3_diff1": -0.517126,
        "nauc_recall_at_5_max": 0.536514,
        "nauc_recall_at_5_std": -0.504954,
        "nauc_recall_at_5_diff1": -0.504042,
        "nauc_recall_at_10_max": 0.191537,
        "nauc_recall_at_10_std": -0.391318,
        "nauc_recall_at_10_diff1": -0.379784,
        "nauc_recall_at_20_max": 0.003734,
        "nauc_recall_at_20_std": -0.107422,
        "nauc_recall_at_20_diff1": -0.067187,
        "nauc_recall_at_100_max": 0.009669,
        "nauc_recall_at_100_std": -0.098433,
        "nauc_recall_at_100_diff1": -0.013861,
        "nauc_recall_at_1000_max": 0.085319,
        "nauc_recall_at_1000_std": -0.117298,
        "nauc_recall_at_1000_diff1": -0.050752,
        "nauc_precision_at_1_max": 1.0,
        "nauc_precision_at_1_std": -0.573984,
        "nauc_precision_at_1_diff1": -0.318125,
        "nauc_precision_at_3_max": 1.0,
        "nauc_precision_at_3_std": -0.573984,
        "nauc_precision_at_3_diff1": -0.446055,
        "nauc_precision_at_5_max": 0.785914,
        "nauc_precision_at_5_std": -0.542099,
        "nauc_precision_at_5_diff1": -0.477819,
        "nauc_precision_at_10_max": 0.373401,
        "nauc_precision_at_10_std": -0.416548,
        "nauc_precision_at_10_diff1": -0.394519,
        "nauc_precision_at_20_max": 0.191897,
        "nauc_precision_at_20_std": -0.193937,
        "nauc_precision_at_20_diff1": -0.087879,
        "nauc_precision_at_100_max": 0.10831,
        "nauc_precision_at_100_std": -0.13175,
        "nauc_precision_at_100_diff1": -0.057328,
        "nauc_precision_at_1000_max": 0.09169,
        "nauc_precision_at_1000_std": -0.125711,
        "nauc_precision_at_1000_diff1": -0.09504,
        "nauc_mrr_at_1_max": 1.0,
        "nauc_mrr_at_1_std": -0.573984,
        "nauc_mrr_at_1_diff1": -0.318125,
        "nauc_mrr_at_3_max": 1.0,
        "nauc_mrr_at_3_std": -0.573984,
        "nauc_mrr_at_3_diff1": -0.38209,
        "nauc_mrr_at_5_max": 0.879952,
        "nauc_mrr_at_5_std": -0.556104,
        "nauc_mrr_at_5_diff1": -0.411589,
        "nauc_mrr_at_10_max": 0.601497,
        "nauc_mrr_at_10_std": -0.472261,
        "nauc_mrr_at_10_diff1": -0.39177,
        "nauc_mrr_at_20_max": 0.49524,
        "nauc_mrr_at_20_std": -0.386644,
        "nauc_mrr_at_20_diff1": -0.283994,
        "nauc_mrr_at_100_max": 0.429578,
        "nauc_mrr_at_100_std": -0.338407,
        "nauc_mrr_at_100_diff1": -0.247288,
        "nauc_mrr_at_1000_max": 0.405203,
        "nauc_mrr_at_1000_std": -0.321788,
        "nauc_mrr_at_1000_diff1": -0.234446,
        "main_score": 0.00394,
        "hf_subset": "default",
        "languages": [
          "eng-Latn"
        ]
      }
    ]
  },
  "evaluation_time": 2308.0040895938873,
  "kg_co2_emissions": null
}