{
  "dataset_revision": "f46a197baaae43b4f621051089b82a364682dfeb",
  "task_name": "CQADupstackAndroidRetrieval",
  "mteb_version": "1.38.32",
  "scores": {
    "test": [
      {
        "ndcg_at_1": 0.01431,
        "ndcg_at_3": 0.01735,
        "ndcg_at_5": 0.01778,
        "ndcg_at_10": 0.02212,
        "ndcg_at_20": 0.02306,
        "ndcg_at_100": 0.03058,
        "ndcg_at_1000": 0.05298,
        "map_at_1": 0.0111,
        "map_at_3": 0.0148,
        "map_at_5": 0.01518,
        "map_at_10": 0.01688,
        "map_at_20": 0.01712,
        "map_at_100": 0.01802,
        "map_at_1000": 0.01858,
        "recall_at_1": 0.0111,
        "recall_at_3": 0.01945,
        "recall_at_5": 0.02101,
        "recall_at_10": 0.03395,
        "recall_at_20": 0.03752,
        "recall_at_100": 0.07428,
        "recall_at_1000": 0.2441,
        "precision_at_1": 0.01431,
        "precision_at_3": 0.00811,
        "precision_at_5": 0.00544,
        "precision_at_10": 0.00472,
        "precision_at_20": 0.00286,
        "precision_at_100": 0.00139,
        "precision_at_1000": 0.00053,
        "mrr_at_1": 0.014306,
        "mrr_at_3": 0.018836,
        "mrr_at_5": 0.01948,
        "mrr_at_10": 0.021925,
        "mrr_at_20": 0.022457,
        "mrr_at_100": 0.023842,
        "mrr_at_1000": 0.024479,
        "nauc_ndcg_at_1_max": 0.48614,
        "nauc_ndcg_at_1_std": -0.370508,
        "nauc_ndcg_at_1_diff1": 0.338417,
        "nauc_ndcg_at_3_max": 0.356402,
        "nauc_ndcg_at_3_std": -0.342127,
        "nauc_ndcg_at_3_diff1": 0.298528,
        "nauc_ndcg_at_5_max": 0.325233,
        "nauc_ndcg_at_5_std": -0.306071,
        "nauc_ndcg_at_5_diff1": 0.2946,
        "nauc_ndcg_at_10_max": 0.261782,
        "nauc_ndcg_at_10_std": -0.330728,
        "nauc_ndcg_at_10_diff1": 0.196912,
        "nauc_ndcg_at_20_max": 0.281168,
        "nauc_ndcg_at_20_std": -0.318044,
        "nauc_ndcg_at_20_diff1": 0.191824,
        "nauc_ndcg_at_100_max": 0.222016,
        "nauc_ndcg_at_100_std": -0.270844,
        "nauc_ndcg_at_100_diff1": 0.137178,
        "nauc_ndcg_at_1000_max": 0.165165,
        "nauc_ndcg_at_1000_std": -0.241545,
        "nauc_ndcg_at_1000_diff1": 0.069002,
        "nauc_map_at_1_max": 0.489058,
        "nauc_map_at_1_std": -0.35616,
        "nauc_map_at_1_diff1": 0.438624,
        "nauc_map_at_3_max": 0.374648,
        "nauc_map_at_3_std": -0.343356,
        "nauc_map_at_3_diff1": 0.341116,
        "nauc_map_at_5_max": 0.356811,
        "nauc_map_at_5_std": -0.319625,
        "nauc_map_at_5_diff1": 0.331974,
        "nauc_map_at_10_max": 0.323925,
        "nauc_map_at_10_std": -0.330052,
        "nauc_map_at_10_diff1": 0.280642,
        "nauc_map_at_20_max": 0.330106,
        "nauc_map_at_20_std": -0.32683,
        "nauc_map_at_20_diff1": 0.277393,
        "nauc_map_at_100_max": 0.315934,
        "nauc_map_at_100_std": -0.31611,
        "nauc_map_at_100_diff1": 0.264464,
        "nauc_map_at_1000_max": 0.308703,
        "nauc_map_at_1000_std": -0.314251,
        "nauc_map_at_1000_diff1": 0.25866,
        "nauc_recall_at_1_max": 0.489058,
        "nauc_recall_at_1_std": -0.35616,
        "nauc_recall_at_1_diff1": 0.438624,
        "nauc_recall_at_3_max": 0.293089,
        "nauc_recall_at_3_std": -0.333194,
        "nauc_recall_at_3_diff1": 0.272694,
        "nauc_recall_at_5_max": 0.246508,
        "nauc_recall_at_5_std": -0.265325,
        "nauc_recall_at_5_diff1": 0.251749,
        "nauc_recall_at_10_max": 0.169974,
        "nauc_recall_at_10_std": -0.329126,
        "nauc_recall_at_10_diff1": 0.091424,
        "nauc_recall_at_20_max": 0.225923,
        "nauc_recall_at_20_std": -0.306513,
        "nauc_recall_at_20_diff1": 0.087744,
        "nauc_recall_at_100_max": 0.141407,
        "nauc_recall_at_100_std": -0.237326,
        "nauc_recall_at_100_diff1": 0.019055,
        "nauc_recall_at_1000_max": 0.083501,
        "nauc_recall_at_1000_std": -0.170981,
        "nauc_recall_at_1000_diff1": -0.048862,
        "nauc_precision_at_1_max": 0.48614,
        "nauc_precision_at_1_std": -0.370508,
        "nauc_precision_at_1_diff1": 0.338417,
        "nauc_precision_at_3_max": 0.318435,
        "nauc_precision_at_3_std": -0.340349,
        "nauc_precision_at_3_diff1": 0.21837,
        "nauc_precision_at_5_max": 0.241816,
        "nauc_precision_at_5_std": -0.286455,
        "nauc_precision_at_5_diff1": 0.22653,
        "nauc_precision_at_10_max": 0.119287,
        "nauc_precision_at_10_std": -0.335142,
        "nauc_precision_at_10_diff1": 0.072843,
        "nauc_precision_at_20_max": 0.163199,
        "nauc_precision_at_20_std": -0.268296,
        "nauc_precision_at_20_diff1": 0.090095,
        "nauc_precision_at_100_max": 0.017774,
        "nauc_precision_at_100_std": -0.138966,
        "nauc_precision_at_100_diff1": 0.042748,
        "nauc_precision_at_1000_max": -0.075356,
        "nauc_precision_at_1000_std": -0.141274,
        "nauc_precision_at_1000_diff1": 0.003701,
        "nauc_mrr_at_1_max": 0.48614,
        "nauc_mrr_at_1_std": -0.370508,
        "nauc_mrr_at_1_diff1": 0.338417,
        "nauc_mrr_at_3_max": 0.389085,
        "nauc_mrr_at_3_std": -0.353198,
        "nauc_mrr_at_3_diff1": 0.267437,
        "nauc_mrr_at_5_max": 0.363029,
        "nauc_mrr_at_5_std": -0.334053,
        "nauc_mrr_at_5_diff1": 0.267033,
        "nauc_mrr_at_10_max": 0.321016,
        "nauc_mrr_at_10_std": -0.342774,
        "nauc_mrr_at_10_diff1": 0.212467,
        "nauc_mrr_at_20_max": 0.325702,
        "nauc_mrr_at_20_std": -0.334027,
        "nauc_mrr_at_20_diff1": 0.210326,
        "nauc_mrr_at_100_max": 0.307288,
        "nauc_mrr_at_100_std": -0.315945,
        "nauc_mrr_at_100_diff1": 0.194321,
        "nauc_mrr_at_1000_max": 0.30275,
        "nauc_mrr_at_1000_std": -0.315543,
        "nauc_mrr_at_1000_diff1": 0.191015,
        "main_score": 0.02212,
        "hf_subset": "default",
        "languages": [
          "eng-Latn"
        ]
      }
    ]
  },
  "evaluation_time": 1826.9388189315796,
  "kg_co2_emissions": null
}