{
  "dataset_revision": "65ac3a16b8e91f9cee4c9828cc7c335575432a2a",
  "task_name": "CQADupstackStatsRetrieval",
  "mteb_version": "1.38.32",
  "scores": {
    "test": [
      {
        "ndcg_at_1": 0.0092,
        "ndcg_at_3": 0.00965,
        "ndcg_at_5": 0.00965,
        "ndcg_at_10": 0.01034,
        "ndcg_at_20": 0.01241,
        "ndcg_at_100": 0.01663,
        "ndcg_at_1000": 0.02961,
        "map_at_1": 0.00562,
        "map_at_3": 0.00809,
        "map_at_5": 0.00809,
        "map_at_10": 0.00833,
        "map_at_20": 0.00883,
        "map_at_100": 0.0093,
        "map_at_1000": 0.00965,
        "recall_at_1": 0.00562,
        "recall_at_3": 0.01074,
        "recall_at_5": 0.01074,
        "recall_at_10": 0.01278,
        "recall_at_20": 0.02122,
        "recall_at_100": 0.04297,
        "recall_at_1000": 0.14483,
        "precision_at_1": 0.0092,
        "precision_at_3": 0.00511,
        "precision_at_5": 0.00307,
        "precision_at_10": 0.00184,
        "precision_at_20": 0.00138,
        "precision_at_100": 0.00061,
        "precision_at_1000": 0.00021,
        "mrr_at_1": 0.009202,
        "mrr_at_3": 0.012014,
        "mrr_at_5": 0.012014,
        "mrr_at_10": 0.012376,
        "mrr_at_20": 0.012921,
        "mrr_at_100": 0.01359,
        "mrr_at_1000": 0.013983,
        "nauc_ndcg_at_1_max": 0.417471,
        "nauc_ndcg_at_1_std": -0.5312,
        "nauc_ndcg_at_1_diff1": 0.031372,
        "nauc_ndcg_at_3_max": 0.586986,
        "nauc_ndcg_at_3_std": -0.429813,
        "nauc_ndcg_at_3_diff1": -0.020222,
        "nauc_ndcg_at_5_max": 0.586986,
        "nauc_ndcg_at_5_std": -0.429813,
        "nauc_ndcg_at_5_diff1": -0.020222,
        "nauc_ndcg_at_10_max": 0.535842,
        "nauc_ndcg_at_10_std": -0.37863,
        "nauc_ndcg_at_10_diff1": -0.040649,
        "nauc_ndcg_at_20_max": 0.426624,
        "nauc_ndcg_at_20_std": -0.302215,
        "nauc_ndcg_at_20_diff1": 0.017319,
        "nauc_ndcg_at_100_max": 0.368482,
        "nauc_ndcg_at_100_std": -0.273666,
        "nauc_ndcg_at_100_diff1": 0.034702,
        "nauc_ndcg_at_1000_max": 0.276321,
        "nauc_ndcg_at_1000_std": -0.200995,
        "nauc_ndcg_at_1000_diff1": -0.018811,
        "nauc_map_at_1_max": 0.456856,
        "nauc_map_at_1_std": -0.504066,
        "nauc_map_at_1_diff1": 0.042499,
        "nauc_map_at_3_max": 0.583453,
        "nauc_map_at_3_std": -0.429961,
        "nauc_map_at_3_diff1": -0.01521,
        "nauc_map_at_5_max": 0.583453,
        "nauc_map_at_5_std": -0.429961,
        "nauc_map_at_5_diff1": -0.01521,
        "nauc_map_at_10_max": 0.561286,
        "nauc_map_at_10_std": -0.406772,
        "nauc_map_at_10_diff1": -0.023388,
        "nauc_map_at_20_max": 0.520947,
        "nauc_map_at_20_std": -0.37846,
        "nauc_map_at_20_diff1": -0.001117,
        "nauc_map_at_100_max": 0.505206,
        "nauc_map_at_100_std": -0.369038,
        "nauc_map_at_100_diff1": 0.003326,
        "nauc_map_at_1000_max": 0.494607,
        "nauc_map_at_1000_std": -0.360076,
        "nauc_map_at_1000_diff1": 0.000269,
        "nauc_recall_at_1_max": 0.456856,
        "nauc_recall_at_1_std": -0.504066,
        "nauc_recall_at_1_diff1": 0.042499,
        "nauc_recall_at_3_max": 0.651003,
        "nauc_recall_at_3_std": -0.390899,
        "nauc_recall_at_3_diff1": -0.043637,
        "nauc_recall_at_5_max": 0.651003,
        "nauc_recall_at_5_std": -0.390899,
        "nauc_recall_at_5_diff1": -0.043637,
        "nauc_recall_at_10_max": 0.512612,
        "nauc_recall_at_10_std": -0.261706,
        "nauc_recall_at_10_diff1": -0.08426,
        "nauc_recall_at_20_max": 0.265882,
        "nauc_recall_at_20_std": -0.122495,
        "nauc_recall_at_20_diff1": 0.060035,
        "nauc_recall_at_100_max": 0.229414,
        "nauc_recall_at_100_std": -0.156732,
        "nauc_recall_at_100_diff1": 0.067465,
        "nauc_recall_at_1000_max": 0.154711,
        "nauc_recall_at_1000_std": -0.107755,
        "nauc_recall_at_1000_diff1": -0.050345,
        "nauc_precision_at_1_max": 0.417471,
        "nauc_precision_at_1_std": -0.5312,
        "nauc_precision_at_1_diff1": 0.031372,
        "nauc_precision_at_3_max": 0.582764,
        "nauc_precision_at_3_std": -0.43516,
        "nauc_precision_at_3_diff1": -0.020756,
        "nauc_precision_at_5_max": 0.582764,
        "nauc_precision_at_5_std": -0.43516,
        "nauc_precision_at_5_diff1": -0.020756,
        "nauc_precision_at_10_max": 0.467323,
        "nauc_precision_at_10_std": -0.334016,
        "nauc_precision_at_10_diff1": -0.082236,
        "nauc_precision_at_20_max": 0.276608,
        "nauc_precision_at_20_std": -0.207172,
        "nauc_precision_at_20_diff1": 0.039291,
        "nauc_precision_at_100_max": 0.218111,
        "nauc_precision_at_100_std": -0.210523,
        "nauc_precision_at_100_diff1": 0.070438,
        "nauc_precision_at_1000_max": 0.157584,
        "nauc_precision_at_1000_std": -0.14077,
        "nauc_precision_at_1000_diff1": -0.030084,
        "nauc_mrr_at_1_max": 0.417471,
        "nauc_mrr_at_1_std": -0.5312,
        "nauc_mrr_at_1_diff1": 0.031372,
        "nauc_mrr_at_3_max": 0.517787,
        "nauc_mrr_at_3_std": -0.472381,
        "nauc_mrr_at_3_diff1": -0.003324,
        "nauc_mrr_at_5_max": 0.517787,
        "nauc_mrr_at_5_std": -0.472381,
        "nauc_mrr_at_5_diff1": -0.003324,
        "nauc_mrr_at_10_max": 0.49978,
        "nauc_mrr_at_10_std": -0.454378,
        "nauc_mrr_at_10_diff1": -0.014944,
        "nauc_mrr_at_20_max": 0.472822,
        "nauc_mrr_at_20_std": -0.433039,
        "nauc_mrr_at_20_diff1": 0.001006,
        "nauc_mrr_at_100_max": 0.460171,
        "nauc_mrr_at_100_std": -0.420437,
        "nauc_mrr_at_100_diff1": 0.006268,
        "nauc_mrr_at_1000_max": 0.453491,
        "nauc_mrr_at_1000_std": -0.412741,
        "nauc_mrr_at_1000_diff1": 0.004044,
        "main_score": 0.01034,
        "hf_subset": "default",
        "languages": [
          "eng-Latn"
        ]
      }
    ]
  },
  "evaluation_time": 5455.079601287842,
  "kg_co2_emissions": null
}