{
  "dataset_revision": "db8f169f3894c14a00251061f957b2063eef2bd5",
  "task_name": "StackOverflowQA",
  "mteb_version": "1.38.32",
  "scores": {
    "test": [
      {
        "ndcg_at_1": 0.14644,
        "ndcg_at_3": 0.1713,
        "ndcg_at_5": 0.18082,
        "ndcg_at_10": 0.18884,
        "ndcg_at_20": 0.19662,
        "ndcg_at_100": 0.21109,
        "ndcg_at_1000": 0.23014,
        "map_at_1": 0.14644,
        "map_at_3": 0.16516,
        "map_at_5": 0.17045,
        "map_at_10": 0.17381,
        "map_at_20": 0.17597,
        "map_at_100": 0.17788,
        "map_at_1000": 0.17847,
        "recall_at_1": 0.14644,
        "recall_at_3": 0.18907,
        "recall_at_5": 0.21214,
        "recall_at_10": 0.23671,
        "recall_at_20": 0.2673,
        "recall_at_100": 0.34654,
        "recall_at_1000": 0.50351,
        "precision_at_1": 0.14644,
        "precision_at_3": 0.06302,
        "precision_at_5": 0.04243,
        "precision_at_10": 0.02367,
        "precision_at_20": 0.01337,
        "precision_at_100": 0.00347,
        "precision_at_1000": 0.0005,
        "mrr_at_1": 0.146439,
        "mrr_at_3": 0.165162,
        "mrr_at_5": 0.170453,
        "mrr_at_10": 0.173811,
        "mrr_at_20": 0.175966,
        "mrr_at_100": 0.177879,
        "mrr_at_1000": 0.178473,
        "nauc_ndcg_at_1_max": 0.381264,
        "nauc_ndcg_at_1_std": -0.066905,
        "nauc_ndcg_at_1_diff1": 0.528236,
        "nauc_ndcg_at_3_max": 0.345527,
        "nauc_ndcg_at_3_std": -0.064847,
        "nauc_ndcg_at_3_diff1": 0.443858,
        "nauc_ndcg_at_5_max": 0.328841,
        "nauc_ndcg_at_5_std": -0.054663,
        "nauc_ndcg_at_5_diff1": 0.428551,
        "nauc_ndcg_at_10_max": 0.333095,
        "nauc_ndcg_at_10_std": -0.059183,
        "nauc_ndcg_at_10_diff1": 0.417443,
        "nauc_ndcg_at_20_max": 0.325265,
        "nauc_ndcg_at_20_std": -0.061344,
        "nauc_ndcg_at_20_diff1": 0.404645,
        "nauc_ndcg_at_100_max": 0.316629,
        "nauc_ndcg_at_100_std": -0.049998,
        "nauc_ndcg_at_100_diff1": 0.388276,
        "nauc_ndcg_at_1000_max": 0.306965,
        "nauc_ndcg_at_1000_std": -0.047312,
        "nauc_ndcg_at_1000_diff1": 0.377913,
        "nauc_map_at_1_max": 0.381264,
        "nauc_map_at_1_std": -0.066905,
        "nauc_map_at_1_diff1": 0.528236,
        "nauc_map_at_3_max": 0.35292,
        "nauc_map_at_3_std": -0.064157,
        "nauc_map_at_3_diff1": 0.462918,
        "nauc_map_at_5_max": 0.34283,
        "nauc_map_at_5_std": -0.058245,
        "nauc_map_at_5_diff1": 0.453599,
        "nauc_map_at_10_max": 0.344774,
        "nauc_map_at_10_std": -0.060193,
        "nauc_map_at_10_diff1": 0.448663,
        "nauc_map_at_20_max": 0.342454,
        "nauc_map_at_20_std": -0.060942,
        "nauc_map_at_20_diff1": 0.444691,
        "nauc_map_at_100_max": 0.341042,
        "nauc_map_at_100_std": -0.059257,
        "nauc_map_at_100_diff1": 0.442024,
        "nauc_map_at_1000_max": 0.340611,
        "nauc_map_at_1000_std": -0.059186,
        "nauc_map_at_1000_diff1": 0.441577,
        "nauc_recall_at_1_max": 0.381264,
        "nauc_recall_at_1_std": -0.066905,
        "nauc_recall_at_1_diff1": 0.528236,
        "nauc_recall_at_3_max": 0.326493,
        "nauc_recall_at_3_std": -0.067062,
        "nauc_recall_at_3_diff1": 0.394151,
        "nauc_recall_at_5_max": 0.292682,
        "nauc_recall_at_5_std": -0.044981,
        "nauc_recall_at_5_diff1": 0.364694,
        "nauc_recall_at_10_max": 0.304779,
        "nauc_recall_at_10_std": -0.057441,
        "nauc_recall_at_10_diff1": 0.337464,
        "nauc_recall_at_20_max": 0.280277,
        "nauc_recall_at_20_std": -0.063952,
        "nauc_recall_at_20_diff1": 0.300005,
        "nauc_recall_at_100_max": 0.24765,
        "nauc_recall_at_100_std": -0.015628,
        "nauc_recall_at_100_diff1": 0.239305,
        "nauc_recall_at_1000_max": 0.187789,
        "nauc_recall_at_1000_std": 0.002751,
        "nauc_recall_at_1000_diff1": 0.173036,
        "nauc_precision_at_1_max": 0.381264,
        "nauc_precision_at_1_std": -0.066905,
        "nauc_precision_at_1_diff1": 0.528236,
        "nauc_precision_at_3_max": 0.326493,
        "nauc_precision_at_3_std": -0.067062,
        "nauc_precision_at_3_diff1": 0.394151,
        "nauc_precision_at_5_max": 0.292682,
        "nauc_precision_at_5_std": -0.044981,
        "nauc_precision_at_5_diff1": 0.364694,
        "nauc_precision_at_10_max": 0.304779,
        "nauc_precision_at_10_std": -0.057441,
        "nauc_precision_at_10_diff1": 0.337464,
        "nauc_precision_at_20_max": 0.280277,
        "nauc_precision_at_20_std": -0.063952,
        "nauc_precision_at_20_diff1": 0.300005,
        "nauc_precision_at_100_max": 0.24765,
        "nauc_precision_at_100_std": -0.015628,
        "nauc_precision_at_100_diff1": 0.239305,
        "nauc_precision_at_1000_max": 0.187789,
        "nauc_precision_at_1000_std": 0.002751,
        "nauc_precision_at_1000_diff1": 0.173036,
        "nauc_mrr_at_1_max": 0.381264,
        "nauc_mrr_at_1_std": -0.066905,
        "nauc_mrr_at_1_diff1": 0.528236,
        "nauc_mrr_at_3_max": 0.35292,
        "nauc_mrr_at_3_std": -0.064157,
        "nauc_mrr_at_3_diff1": 0.462918,
        "nauc_mrr_at_5_max": 0.34283,
        "nauc_mrr_at_5_std": -0.058245,
        "nauc_mrr_at_5_diff1": 0.453599,
        "nauc_mrr_at_10_max": 0.344774,
        "nauc_mrr_at_10_std": -0.060193,
        "nauc_mrr_at_10_diff1": 0.448663,
        "nauc_mrr_at_20_max": 0.342454,
        "nauc_mrr_at_20_std": -0.060942,
        "nauc_mrr_at_20_diff1": 0.444691,
        "nauc_mrr_at_100_max": 0.341042,
        "nauc_mrr_at_100_std": -0.059257,
        "nauc_mrr_at_100_diff1": 0.442024,
        "nauc_mrr_at_1000_max": 0.340611,
        "nauc_mrr_at_1000_std": -0.059186,
        "nauc_mrr_at_1000_diff1": 0.441577,
        "main_score": 0.18884,
        "hf_subset": "default",
        "languages": [
          "eng-Latn"
        ]
      }
    ]
  },
  "evaluation_time": 3040.2056589126587,
  "kg_co2_emissions": null
}