{
  "dataset_revision": "686b87296c3a0191b5d9415a00526c62db9fce09",
  "task_name": "SyntheticText2SQL",
  "mteb_version": "1.38.33",
  "scores": {
    "test": [
      {
        "ndcg_at_1": 0.00085,
        "ndcg_at_3": 0.00154,
        "ndcg_at_5": 0.00212,
        "ndcg_at_10": 0.00245,
        "ndcg_at_20": 0.00284,
        "ndcg_at_100": 0.00383,
        "ndcg_at_1000": 0.0063,
        "map_at_1": 0.00085,
        "map_at_3": 0.00137,
        "map_at_5": 0.00169,
        "map_at_10": 0.00183,
        "map_at_20": 0.00194,
        "map_at_100": 0.00205,
        "map_at_1000": 0.00212,
        "recall_at_1": 0.00085,
        "recall_at_3": 0.00205,
        "recall_at_5": 0.00342,
        "recall_at_10": 0.00444,
        "recall_at_20": 0.00598,
        "recall_at_100": 0.01162,
        "recall_at_1000": 0.03281,
        "precision_at_1": 0.00085,
        "precision_at_3": 0.00068,
        "precision_at_5": 0.00068,
        "precision_at_10": 0.00044,
        "precision_at_20": 0.0003,
        "precision_at_100": 0.00012,
        "precision_at_1000": 3e-05,
        "mrr_at_1": 0.001025,
        "mrr_at_3": 0.001567,
        "mrr_at_5": 0.00184,
        "mrr_at_10": 0.00195,
        "mrr_at_20": 0.002063,
        "mrr_at_100": 0.002177,
        "mrr_at_1000": 0.002241,
        "nauc_ndcg_at_1_max": 0.685076,
        "nauc_ndcg_at_1_std": -0.508362,
        "nauc_ndcg_at_1_diff1": -0.259697,
        "nauc_ndcg_at_3_max": 0.825502,
        "nauc_ndcg_at_3_std": -0.537907,
        "nauc_ndcg_at_3_diff1": -0.358665,
        "nauc_ndcg_at_5_max": 0.872825,
        "nauc_ndcg_at_5_std": -0.547864,
        "nauc_ndcg_at_5_diff1": -0.383932,
        "nauc_ndcg_at_10_max": 0.868075,
        "nauc_ndcg_at_10_std": -0.544379,
        "nauc_ndcg_at_10_diff1": -0.354782,
        "nauc_ndcg_at_20_max": 0.857471,
        "nauc_ndcg_at_20_std": -0.546307,
        "nauc_ndcg_at_20_diff1": -0.3588,
        "nauc_ndcg_at_100_max": 0.820665,
        "nauc_ndcg_at_100_std": -0.517099,
        "nauc_ndcg_at_100_diff1": -0.349981,
        "nauc_ndcg_at_1000_max": 0.694076,
        "nauc_ndcg_at_1000_std": -0.389509,
        "nauc_ndcg_at_1000_diff1": -0.25535,
        "nauc_map_at_1_max": 0.685076,
        "nauc_map_at_1_std": -0.508362,
        "nauc_map_at_1_diff1": -0.259697,
        "nauc_map_at_3_max": 0.803172,
        "nauc_map_at_3_std": -0.533209,
        "nauc_map_at_3_diff1": -0.346618,
        "nauc_map_at_5_max": 0.840947,
        "nauc_map_at_5_std": -0.541157,
        "nauc_map_at_5_diff1": -0.368431,
        "nauc_map_at_10_max": 0.841487,
        "nauc_map_at_10_std": -0.540036,
        "nauc_map_at_10_diff1": -0.35288,
        "nauc_map_at_20_max": 0.839058,
        "nauc_map_at_20_std": -0.541114,
        "nauc_map_at_20_diff1": -0.356775,
        "nauc_map_at_100_max": 0.833849,
        "nauc_map_at_100_std": -0.534081,
        "nauc_map_at_100_diff1": -0.355034,
        "nauc_map_at_1000_max": 0.824935,
        "nauc_map_at_1000_std": -0.524256,
        "nauc_map_at_1000_diff1": -0.348427,
        "nauc_recall_at_1_max": 0.685076,
        "nauc_recall_at_1_std": -0.508362,
        "nauc_recall_at_1_diff1": -0.259697,
        "nauc_recall_at_3_max": 0.868782,
        "nauc_recall_at_3_std": -0.547013,
        "nauc_recall_at_3_diff1": -0.381051,
        "nauc_recall_at_5_max": 0.921269,
        "nauc_recall_at_5_std": -0.558056,
        "nauc_recall_at_5_diff1": -0.406044,
        "nauc_recall_at_10_max": 0.90043,
        "nauc_recall_at_10_std": -0.549137,
        "nauc_recall_at_10_diff1": -0.352761,
        "nauc_recall_at_20_max": 0.871298,
        "nauc_recall_at_20_std": -0.551398,
        "nauc_recall_at_20_diff1": -0.355356,
        "nauc_recall_at_100_max": 0.791309,
        "nauc_recall_at_100_std": -0.497008,
        "nauc_recall_at_100_diff1": -0.340869,
        "nauc_recall_at_1000_max": 0.597492,
        "nauc_recall_at_1000_std": -0.298143,
        "nauc_recall_at_1000_diff1": -0.18845,
        "nauc_precision_at_1_max": 0.685076,
        "nauc_precision_at_1_std": -0.508362,
        "nauc_precision_at_1_diff1": -0.259697,
        "nauc_precision_at_3_max": 0.868782,
        "nauc_precision_at_3_std": -0.547013,
        "nauc_precision_at_3_diff1": -0.381051,
        "nauc_precision_at_5_max": 0.921269,
        "nauc_precision_at_5_std": -0.558056,
        "nauc_precision_at_5_diff1": -0.406044,
        "nauc_precision_at_10_max": 0.90043,
        "nauc_precision_at_10_std": -0.549137,
        "nauc_precision_at_10_diff1": -0.352761,
        "nauc_precision_at_20_max": 0.871298,
        "nauc_precision_at_20_std": -0.551398,
        "nauc_precision_at_20_diff1": -0.355356,
        "nauc_precision_at_100_max": 0.791309,
        "nauc_precision_at_100_std": -0.497008,
        "nauc_precision_at_100_diff1": -0.340869,
        "nauc_precision_at_1000_max": 0.597492,
        "nauc_precision_at_1000_std": -0.298143,
        "nauc_precision_at_1000_diff1": -0.18845,
        "nauc_mrr_at_1_max": 0.737563,
        "nauc_mrr_at_1_std": -0.519406,
        "nauc_mrr_at_1_diff1": -0.312184,
        "nauc_mrr_at_3_max": 0.828223,
        "nauc_mrr_at_3_std": -0.53848,
        "nauc_mrr_at_3_diff1": -0.372905,
        "nauc_mrr_at_5_max": 0.85375,
        "nauc_mrr_at_5_std": -0.543851,
        "nauc_mrr_at_5_diff1": -0.379688,
        "nauc_mrr_at_10_max": 0.851209,
        "nauc_mrr_at_10_std": -0.542157,
        "nauc_mrr_at_10_diff1": -0.365184,
        "nauc_mrr_at_20_max": 0.848133,
        "nauc_mrr_at_20_std": -0.543044,
        "nauc_mrr_at_20_diff1": -0.368407,
        "nauc_mrr_at_100_max": 0.842738,
        "nauc_mrr_at_100_std": -0.536307,
        "nauc_mrr_at_100_diff1": -0.366165,
        "nauc_mrr_at_1000_max": 0.834058,
        "nauc_mrr_at_1000_std": -0.526951,
        "nauc_mrr_at_1000_diff1": -0.359597,
        "main_score": 0.00245,
        "hf_subset": "default",
        "languages": [
          "eng-Latn",
          "sql-Code"
        ]
      }
    ]
  },
  "evaluation_time": 4953.185276031494,
  "kg_co2_emissions": null
}