{
  "dataset_revision": "686b87296c3a0191b5d9415a00526c62db9fce09",
  "task_name": "SyntheticText2SQL",
  "mteb_version": "1.38.32",
  "scores": {
    "test": [
      {
        "ndcg_at_1": 0.00085,
        "ndcg_at_3": 0.00165,
        "ndcg_at_5": 0.00208,
        "ndcg_at_10": 0.00242,
        "ndcg_at_20": 0.00286,
        "ndcg_at_100": 0.00385,
        "ndcg_at_1000": 0.00632,
        "map_at_1": 0.00085,
        "map_at_3": 0.00145,
        "map_at_5": 0.00169,
        "map_at_10": 0.00184,
        "map_at_20": 0.00197,
        "map_at_100": 0.00208,
        "map_at_1000": 0.00214,
        "recall_at_1": 0.00085,
        "recall_at_3": 0.00222,
        "recall_at_5": 0.00325,
        "recall_at_10": 0.00427,
        "recall_at_20": 0.00598,
        "recall_at_100": 0.01162,
        "recall_at_1000": 0.03281,
        "precision_at_1": 0.00085,
        "precision_at_3": 0.00074,
        "precision_at_5": 0.00065,
        "precision_at_10": 0.00043,
        "precision_at_20": 0.0003,
        "precision_at_100": 0.00012,
        "precision_at_1000": 3e-05,
        "mrr_at_1": 0.000855,
        "mrr_at_3": 0.00151,
        "mrr_at_5": 0.001775,
        "mrr_at_10": 0.001865,
        "mrr_at_20": 0.001992,
        "mrr_at_100": 0.002107,
        "mrr_at_1000": 0.002171,
        "nauc_ndcg_at_1_max": 0.685076,
        "nauc_ndcg_at_1_std": -0.508362,
        "nauc_ndcg_at_1_diff1": -0.259697,
        "nauc_ndcg_at_3_max": 0.836905,
        "nauc_ndcg_at_3_std": -0.540307,
        "nauc_ndcg_at_3_diff1": -0.371759,
        "nauc_ndcg_at_5_max": 0.870413,
        "nauc_ndcg_at_5_std": -0.547356,
        "nauc_ndcg_at_5_diff1": -0.378929,
        "nauc_ndcg_at_10_max": 0.866813,
        "nauc_ndcg_at_10_std": -0.544087,
        "nauc_ndcg_at_10_diff1": -0.356107,
        "nauc_ndcg_at_20_max": 0.858341,
        "nauc_ndcg_at_20_std": -0.546546,
        "nauc_ndcg_at_20_diff1": -0.358994,
        "nauc_ndcg_at_100_max": 0.821451,
        "nauc_ndcg_at_100_std": -0.517283,
        "nauc_ndcg_at_100_diff1": -0.350055,
        "nauc_ndcg_at_1000_max": 0.6949,
        "nauc_ndcg_at_1000_std": -0.389964,
        "nauc_ndcg_at_1000_diff1": -0.255661,
        "nauc_map_at_1_max": 0.685076,
        "nauc_map_at_1_std": -0.508362,
        "nauc_map_at_1_diff1": -0.259697,
        "nauc_map_at_3_max": 0.81475,
        "nauc_map_at_3_std": -0.535645,
        "nauc_map_at_3_diff1": -0.358557,
        "nauc_map_at_5_max": 0.840947,
        "nauc_map_at_5_std": -0.541157,
        "nauc_map_at_5_diff1": -0.364526,
        "nauc_map_at_10_max": 0.842767,
        "nauc_map_at_10_std": -0.540317,
        "nauc_map_at_10_diff1": -0.354123,
        "nauc_map_at_20_max": 0.841164,
        "nauc_map_at_20_std": -0.541632,
        "nauc_map_at_20_diff1": -0.357309,
        "nauc_map_at_100_max": 0.835868,
        "nauc_map_at_100_std": -0.534511,
        "nauc_map_at_100_diff1": -0.35545,
        "nauc_map_at_1000_max": 0.82699,
        "nauc_map_at_1000_std": -0.524773,
        "nauc_map_at_1000_diff1": -0.348908,
        "nauc_recall_at_1_max": 0.685076,
        "nauc_recall_at_1_std": -0.508362,
        "nauc_recall_at_1_diff1": -0.259697,
        "nauc_recall_at_3_max": 0.878875,
        "nauc_recall_at_3_std": -0.549137,
        "nauc_recall_at_3_diff1": -0.395941,
        "nauc_recall_at_5_max": 0.917125,
        "nauc_recall_at_5_std": -0.557184,
        "nauc_recall_at_5_diff1": -0.401125,
        "nauc_recall_at_10_max": 0.896447,
        "nauc_recall_at_10_std": -0.548118,
        "nauc_recall_at_10_diff1": -0.354134,
        "nauc_recall_at_20_max": 0.871298,
        "nauc_recall_at_20_std": -0.551398,
        "nauc_recall_at_20_diff1": -0.355356,
        "nauc_recall_at_100_max": 0.791309,
        "nauc_recall_at_100_std": -0.497008,
        "nauc_recall_at_100_diff1": -0.340869,
        "nauc_recall_at_1000_max": 0.597492,
        "nauc_recall_at_1000_std": -0.298143,
        "nauc_recall_at_1000_diff1": -0.18845,
        "nauc_precision_at_1_max": 0.685076,
        "nauc_precision_at_1_std": -0.508362,
        "nauc_precision_at_1_diff1": -0.259697,
        "nauc_precision_at_3_max": 0.878875,
        "nauc_precision_at_3_std": -0.549137,
        "nauc_precision_at_3_diff1": -0.395941,
        "nauc_precision_at_5_max": 0.917125,
        "nauc_precision_at_5_std": -0.557184,
        "nauc_precision_at_5_diff1": -0.401125,
        "nauc_precision_at_10_max": 0.896447,
        "nauc_precision_at_10_std": -0.548118,
        "nauc_precision_at_10_diff1": -0.354134,
        "nauc_precision_at_20_max": 0.871298,
        "nauc_precision_at_20_std": -0.551398,
        "nauc_precision_at_20_diff1": -0.355356,
        "nauc_precision_at_100_max": 0.791309,
        "nauc_precision_at_100_std": -0.497008,
        "nauc_precision_at_100_diff1": -0.340869,
        "nauc_precision_at_1000_max": 0.597492,
        "nauc_precision_at_1000_std": -0.298143,
        "nauc_precision_at_1000_diff1": -0.18845,
        "nauc_mrr_at_1_max": 0.685076,
        "nauc_mrr_at_1_std": -0.508362,
        "nauc_mrr_at_1_diff1": -0.259697,
        "nauc_mrr_at_3_max": 0.821741,
        "nauc_mrr_at_3_std": -0.537116,
        "nauc_mrr_at_3_diff1": -0.363876,
        "nauc_mrr_at_5_max": 0.848351,
        "nauc_mrr_at_5_std": -0.542715,
        "nauc_mrr_at_5_diff1": -0.367321,
        "nauc_mrr_at_10_max": 0.844928,
        "nauc_mrr_at_10_std": -0.540789,
        "nauc_mrr_at_10_diff1": -0.355569,
        "nauc_mrr_at_20_max": 0.843311,
        "nauc_mrr_at_20_std": -0.542078,
        "nauc_mrr_at_20_diff1": -0.358762,
        "nauc_mrr_at_100_max": 0.838027,
        "nauc_mrr_at_100_std": -0.535032,
        "nauc_mrr_at_100_diff1": -0.3569,
        "nauc_mrr_at_1000_max": 0.829191,
        "nauc_mrr_at_1000_std": -0.525399,
        "nauc_mrr_at_1000_diff1": -0.350388,
        "main_score": 0.00242,
        "hf_subset": "default",
        "languages": [
          "eng-Latn",
          "sql-Code"
        ]
      }
    ]
  },
  "evaluation_time": 1667.280689716339,
  "kg_co2_emissions": null
}