{
  "dataset_revision": "237f74be0503482b4e8bc1b83778c7a87ea93fd8",
  "task_name": "ESCIReranking",
  "mteb_version": "1.36.15",
  "scores": {
    "test": [
      {
        "map": 0.770872,
        "mrr": 0.81842,
        "nAUC_map_max": 0.061449,
        "nAUC_map_std": 0.013473,
        "nAUC_map_diff1": 0.015863,
        "nAUC_mrr_max": 0.069899,
        "nAUC_mrr_std": 0.015427,
        "nAUC_mrr_diff1": 0.007544,
        "main_score": 0.770872,
        "hf_subset": "us",
        "languages": [
          "eng-Latn"
        ]
      }
    ]
  },
  "evaluation_time": 17219.966431617737,
  "kg_co2_emissions": null
}