{
  "dataset_revision": "9e9b1f8ef51616073f47f306f7f47dd91663f86a",
  "task_name": "OpusparcusPC",
  "mteb_version": "1.36.15",
  "scores": {
    "test": [
      {
        "similarity_accuracy": 0.779674,
        "similarity_accuracy_threshold": 0.730008,
        "similarity_f1": 0.857272,
        "similarity_f1_threshold": 0.607292,
        "similarity_precision": 0.770292,
        "similarity_recall": 0.966395,
        "similarity_ap": 0.918754,
        "cosine_accuracy": 0.779674,
        "cosine_accuracy_threshold": 0.730008,
        "cosine_f1": 0.857272,
        "cosine_f1_threshold": 0.607292,
        "cosine_precision": 0.770292,
        "cosine_recall": 0.966395,
        "cosine_ap": 0.918754,
        "manhattan_accuracy": 0.779674,
        "manhattan_accuracy_threshold": 1660.299072,
        "manhattan_f1": 0.854222,
        "manhattan_f1_threshold": 2182.642578,
        "manhattan_precision": 0.757886,
        "manhattan_recall": 0.978615,
        "manhattan_ap": 0.917629,
        "euclidean_accuracy": 0.778932,
        "euclidean_accuracy_threshold": 32.575954,
        "euclidean_f1": 0.854222,
        "euclidean_f1_threshold": 42.792168,
        "euclidean_precision": 0.757886,
        "euclidean_recall": 0.978615,
        "euclidean_ap": 0.917914,
        "dot_accuracy": 0.75816,
        "dot_accuracy_threshold": 1175.025146,
        "dot_f1": 0.85424,
        "dot_f1_threshold": 1024.231079,
        "dot_precision": 0.75429,
        "dot_recall": 0.984725,
        "dot_ap": 0.877191,
        "max_accuracy": 0.779674,
        "max_f1": 0.857272,
        "max_precision": 0.770292,
        "max_recall": 0.984725,
        "max_ap": 0.918754,
        "main_score": 0.918754,
        "hf_subset": "en",
        "languages": [
          "eng-Latn"
        ]
      }
    ],
    "validation.full": [
      {
        "similarity_accuracy": 0.794074,
        "similarity_accuracy_threshold": 0.647542,
        "similarity_f1": 0.872477,
        "similarity_f1_threshold": 0.64688,
        "similarity_precision": 0.816309,
        "similarity_recall": 0.936946,
        "similarity_ap": 0.909959,
        "cosine_accuracy": 0.794074,
        "cosine_accuracy_threshold": 0.647542,
        "cosine_f1": 0.872477,
        "cosine_f1_threshold": 0.64688,
        "cosine_precision": 0.816309,
        "cosine_recall": 0.936946,
        "cosine_ap": 0.909959,
        "manhattan_accuracy": 0.784444,
        "manhattan_accuracy_threshold": 1989.180664,
        "manhattan_f1": 0.868696,
        "manhattan_f1_threshold": 2315.044434,
        "manhattan_precision": 0.777432,
        "manhattan_recall": 0.984236,
        "manhattan_ap": 0.909029,
        "euclidean_accuracy": 0.785185,
        "euclidean_accuracy_threshold": 38.658421,
        "euclidean_f1": 0.868696,
        "euclidean_f1_threshold": 45.21479,
        "euclidean_precision": 0.777432,
        "euclidean_recall": 0.984236,
        "euclidean_ap": 0.909034,
        "dot_accuracy": 0.779259,
        "dot_accuracy_threshold": 1208.816528,
        "dot_f1": 0.865591,
        "dot_f1_threshold": 1161.700439,
        "dot_precision": 0.793755,
        "dot_recall": 0.951724,
        "dot_ap": 0.875691,
        "max_accuracy": 0.794074,
        "max_f1": 0.872477,
        "max_precision": 0.816309,
        "max_recall": 0.984236,
        "max_ap": 0.909959,
        "main_score": 0.909959,
        "hf_subset": "en",
        "languages": [
          "eng-Latn"
        ]
      }
    ]
  },
  "evaluation_time": 80.8577618598938,
  "kg_co2_emissions": null
}